id,name,calorie_per_gram,created_at,updated_at
1,almond milk,15.7,2022-10-28 13:47:00 UTC,2022-10-28 13:47:00 UTC
2,avocado,0.0,2022-10-28 13:47:01 UTC,2022-10-28 13:47:01 UTC
3,baby spinach,0.0,2022-10-28 13:47:01 UTC,2022-10-28 13:47:01 UTC
4,banana,8.5,2022-10-28 13:47:02 UTC,2022-10-28 13:47:02 UTC
5,honey,0.0,2022-10-28 13:47:02 UTC,2022-10-28 13:47:02 UTC
6,mango,0.0,2022-10-28 13:47:03 UTC,2022-10-28 13:47:03 UTC
7,ham,12.1,2022-10-28 13:47:03 UTC,2022-10-28 13:47:03 UTC
8,orange zest,4.7,2022-10-28 13:47:04 UTC,2022-10-28 13:47:04 UTC
9,apple cider,0.0,2022-10-28 13:47:05 UTC,2022-10-28 13:47:05 UTC
10,apple juice,3.7,2022-10-28 13:47:06 UTC,2022-10-28 13:47:06 UTC
11,orange juice,4.7,2022-10-28 13:47:07 UTC,2022-10-28 13:47:07 UTC
12,orange marmalade,4.7,2022-10-28 13:47:07 UTC,2022-10-28 13:47:07 UTC
13,golden brown sugar,36.5,2022-10-28 13:47:08 UTC,2022-10-28 13:47:08 UTC
14,fresh rosemary,0.0,2022-10-28 13:47:08 UTC,2022-10-28 13:47:08 UTC
15,ginger,0.0,2022-10-28 13:47:09 UTC,2022-10-28 13:47:09 UTC
16,butter,0.0,2022-10-28 13:47:09 UTC,2022-10-28 13:47:09 UTC
17,egg,5.5,2022-10-28 13:47:10 UTC,2022-10-28 13:47:10 UTC
18,bread,27.0,2022-10-28 13:47:11 UTC,2022-10-28 13:47:11 UTC
19,cream,0.0,2022-10-28 13:47:11 UTC,2022-10-28 13:47:11 UTC
20,milk,15.7,2022-10-28 13:47:12 UTC,2022-10-28 13:47:12 UTC
21,banana liqueur,8.5,2022-10-28 13:47:13 UTC,2022-10-28 13:47:13 UTC
22,ground cinnamon,34.6,2022-10-28 13:47:14 UTC,2022-10-28 13:47:14 UTC
23,vanilla extract,0.0,2022-10-28 13:47:14 UTC,2022-10-28 13:47:14 UTC
24,canned black beans,2.1,2022-10-28 13:47:15 UTC,2022-10-28 13:47:15 UTC
25,chili powder,0.0,2022-10-28 13:47:16 UTC,2022-10-28 13:47:16 UTC
26,canned chipotle chile,1.8,2022-10-28 13:47:17 UTC,2022-10-28 13:47:17 UTC
27,cilantro,0.0,2022-10-28 13:47:17 UTC,2022-10-28 13:47:17 UTC
28,white corn tortilla,37.6,2022-10-28 13:47:18 UTC,2022-10-28 13:47:18 UTC
29,fire roasted tomatoes,2.7,2022-10-28 13:47:19 UTC,2022-10-28 13:47:19 UTC
30,garlic,14.3,2022-10-28 13:47:19 UTC,2022-10-28 13:47:19 UTC
31,green chili pepper,5.8,2022-10-28 13:47:20 UTC,2022-10-28 13:47:20 UTC
32,ground coriander,34.6,2022-10-28 13:47:21 UTC,2022-10-28 13:47:21 UTC
33,cumin,0.0,2022-10-28 13:47:21 UTC,2022-10-28 13:47:21 UTC
34,lime juice,3.7,2022-10-28 13:47:22 UTC,2022-10-28 13:47:22 UTC
35,ground turkey,22.0,2022-10-28 13:47:23 UTC,2022-10-28 13:47:23 UTC
36,onion,4.4,2022-10-28 13:47:23 UTC,2022-10-28 13:47:23 UTC
37,paprika,0.0,2022-10-28 13:47:24 UTC,2022-10-28 13:47:24 UTC
38,salsa,2.9,2022-10-28 13:47:24 UTC,2022-10-28 13:47:24 UTC
39,shredded mexican cheese blend,40.8,2022-10-28 13:47:25 UTC,2022-10-28 13:47:25 UTC
40,sour cream,26.0,2022-10-28 13:47:26 UTC,2022-10-28 13:47:26 UTC
41,tomatillos,0.0,2022-10-28 13:47:26 UTC,2022-10-28 13:47:26 UTC
42,yellow onion,3.8,2022-10-28 13:47:27 UTC,2022-10-28 13:47:27 UTC
43,almonds,62.0,2022-10-28 13:47:28 UTC,2022-10-28 13:47:28 UTC
44,breadcrumbs,0.0,2022-10-28 13:47:28 UTC,2022-10-28 13:47:28 UTC
45,eggplant,0.0,2022-10-28 13:47:29 UTC,2022-10-28 13:47:29 UTC
46,feta cheese,40.8,2022-10-28 13:47:30 UTC,2022-10-28 13:47:30 UTC
47,dill,1.2,2022-10-28 13:47:30 UTC,2022-10-28 13:47:30 UTC
48,mozzarella,29.8,2022-10-28 13:47:31 UTC,2022-10-28 13:47:31 UTC
49,olive oil,83.3,2022-10-28 13:47:32 UTC,2022-10-28 13:47:32 UTC
50,black pepper,0.0,2022-10-28 13:47:32 UTC,2022-10-28 13:47:32 UTC
51,sausage,32.8,2022-10-28 13:47:33 UTC,2022-10-28 13:47:33 UTC
52,stinging nettle,0.0,2022-10-28 13:47:34 UTC,2022-10-28 13:47:34 UTC
53,parmesan,42.1,2022-10-28 13:47:34 UTC,2022-10-28 13:47:34 UTC
54,pine nuts,62.0,2022-10-28 13:47:35 UTC,2022-10-28 13:47:35 UTC
55,lemon juice,3.7,2022-10-28 13:47:36 UTC,2022-10-28 13:47:36 UTC
56,salt and pepper,62.0,2022-10-28 13:47:37 UTC,2022-10-28 13:47:37 UTC
57,cucumber,1.2,2022-10-28 13:47:38 UTC,2022-10-28 13:47:38 UTC
58,coarse sea salt,62.0,2022-10-28 13:47:38 UTC,2022-10-28 13:47:38 UTC
59,yogurt,6.1,2022-10-28 13:47:39 UTC,2022-10-28 13:47:39 UTC
60,distilled white vinegar,37.6,2022-10-28 13:47:40 UTC,2022-10-28 13:47:40 UTC
61,white pepper,37.6,2022-10-28 13:47:41 UTC,2022-10-28 13:47:41 UTC
62,dried navy beans,37.6,2022-10-28 13:47:41 UTC,2022-10-28 13:47:41 UTC
63,teriyaki sauce,2.9,2022-10-28 13:47:42 UTC,2022-10-28 13:47:42 UTC
64,soy sauce,36.6,2022-10-28 13:47:43 UTC,2022-10-28 13:47:43 UTC
65,pineapple juice,3.7,2022-10-28 13:47:44 UTC,2022-10-28 13:47:44 UTC
66,applewood smoked bacon,50.0,2022-10-28 13:47:44 UTC,2022-10-28 13:47:44 UTC
67,pineapple,0.0,2022-10-28 13:47:45 UTC,2022-10-28 13:47:45 UTC
68,ham steak,12.1,2022-10-28 13:47:45 UTC,2022-10-28 13:47:45 UTC
69,baking soda,27.0,2022-10-28 13:47:46 UTC,2022-10-28 13:47:46 UTC
70,cinnamon,0.0,2022-10-28 13:47:47 UTC,2022-10-28 13:47:47 UTC
71,flaxseed,0.0,2022-10-28 13:47:47 UTC,2022-10-28 13:47:47 UTC
72,maple syrup,0.0,2022-10-28 13:47:48 UTC,2022-10-28 13:47:48 UTC
73,oat flour,36.5,2022-10-28 13:47:48 UTC,2022-10-28 13:47:48 UTC
74,cooking oil,83.3,2022-10-28 13:47:49 UTC,2022-10-28 13:47:49 UTC
75,raspberry jam,0.0,2022-10-28 13:47:50 UTC,2022-10-28 13:47:50 UTC
76,rolled oats,0.0,2022-10-28 13:47:51 UTC,2022-10-28 13:47:51 UTC
77,table salt,62.0,2022-10-28 13:47:51 UTC,2022-10-28 13:47:51 UTC
78,turbinado sugar,38.5,2022-10-28 13:47:52 UTC,2022-10-28 13:47:52 UTC
79,walnuts,0.0,2022-10-28 13:47:52 UTC,2022-10-28 13:47:52 UTC
80,applesauce,0.0,2022-10-28 13:47:53 UTC,2022-10-28 13:47:53 UTC
81,egg yolk,65.4,2022-10-28 13:47:54 UTC,2022-10-28 13:47:54 UTC
82,sugar,38.5,2022-10-28 13:47:54 UTC,2022-10-28 13:47:54 UTC
83,cacao powder,0.0,2022-10-28 13:47:55 UTC,2022-10-28 13:47:55 UTC
84,instant espresso,0.0,2022-10-28 13:47:55 UTC,2022-10-28 13:47:55 UTC
85,semisweet chocolate,0.0,2022-10-28 13:47:56 UTC,2022-10-28 13:47:56 UTC
86,unsalted butter,0.0,2022-10-28 13:47:56 UTC,2022-10-28 13:47:56 UTC
87,wheat flour,37.0,2022-10-28 13:47:57 UTC,2022-10-28 13:47:57 UTC
88,half and half,0.0,2022-10-28 13:47:58 UTC,2022-10-28 13:47:58 UTC
89,mascarpone,0.0,2022-10-28 13:47:58 UTC,2022-10-28 13:47:58 UTC
90,gelatin,0.0,2022-10-28 13:47:58 UTC,2022-10-28 13:47:58 UTC
91,raspberries,0.0,2022-10-28 13:47:59 UTC,2022-10-28 13:47:59 UTC
92,powdered sugar,38.5,2022-10-28 13:47:59 UTC,2022-10-28 13:47:59 UTC
93,shallot,0.0,2022-10-28 13:48:00 UTC,2022-10-28 13:48:00 UTC
94,fresh mushrooms,0.0,2022-10-28 13:48:01 UTC,2022-10-28 13:48:01 UTC
95,dried apricots,37.6,2022-10-28 13:48:01 UTC,2022-10-28 13:48:01 UTC
96,raisins,43.0,2022-10-28 13:48:02 UTC,2022-10-28 13:48:02 UTC
97,dried cranberries,37.6,2022-10-28 13:48:02 UTC,2022-10-28 13:48:02 UTC
98,parsley,0.0,2022-10-28 13:48:03 UTC,2022-10-28 13:48:03 UTC
99,pork tenderloin,17.4,2022-10-28 13:48:04 UTC,2022-10-28 13:48:04 UTC
100,marsala,0.0,2022-10-28 13:48:04 UTC,2022-10-28 13:48:04 UTC
101,port,0.0,2022-10-28 13:48:05 UTC,2022-10-28 13:48:05 UTC
102,beef brisket,31.4,2022-10-28 13:48:06 UTC,2022-10-28 13:48:06 UTC
103,onion powder,4.4,2022-10-28 13:48:06 UTC,2022-10-28 13:48:06 UTC
104,garlic powder,14.3,2022-10-28 13:48:07 UTC,2022-10-28 13:48:07 UTC
105,smoked paprika,0.0,2022-10-28 13:48:07 UTC,2022-10-28 13:48:07 UTC
106,ground cayenne pepper,34.6,2022-10-28 13:48:08 UTC,2022-10-28 13:48:08 UTC
107,barbecue sauce,2.9,2022-10-28 13:48:09 UTC,2022-10-28 13:48:09 UTC
108,corn starch,36.4,2022-10-28 13:48:09 UTC,2022-10-28 13:48:09 UTC
109,farfalle,0.0,2022-10-28 13:48:10 UTC,2022-10-28 13:48:10 UTC
110,extra sharp cheddar cheese,40.8,2022-10-28 13:48:11 UTC,2022-10-28 13:48:11 UTC
111,boneless pork shoulder,17.4,2022-10-28 13:48:12 UTC,2022-10-28 13:48:12 UTC
112,granny smith apple,0.0,2022-10-28 13:48:12 UTC,2022-10-28 13:48:12 UTC
113,carrot,3.7,2022-10-28 13:48:13 UTC,2022-10-28 13:48:13 UTC
114,celery,0.0,2022-10-28 13:48:13 UTC,2022-10-28 13:48:13 UTC
115,thyme,0.0,2022-10-28 13:48:14 UTC,2022-10-28 13:48:14 UTC
116,tomato paste,2.7,2022-10-28 13:48:15 UTC,2022-10-28 13:48:15 UTC
117,dry white wine,32.6,2022-10-28 13:48:16 UTC,2022-10-28 13:48:16 UTC
118,low sodium chicken broth,29.8,2022-10-28 13:48:16 UTC,2022-10-28 13:48:16 UTC
119,white wine vinegar,37.6,2022-10-28 13:48:17 UTC,2022-10-28 13:48:17 UTC
120,pappardelle,0.0,2022-10-28 13:48:17 UTC,2022-10-28 13:48:17 UTC
121,extra virgin olive oil,83.3,2022-10-28 13:48:19 UTC,2022-10-28 13:48:19 UTC
122,broccoli florets,3.1,2022-10-28 13:48:19 UTC,2022-10-28 13:48:19 UTC
123,swiss chard,39.3,2022-10-28 13:48:20 UTC,2022-10-28 13:48:20 UTC
124,buttermilk,0.0,2022-10-28 13:48:20 UTC,2022-10-28 13:48:20 UTC
125,refrigerated pie crust,0.0,2022-10-28 13:48:21 UTC,2022-10-28 13:48:21 UTC
126,low sodium baking powder,29.8,2022-10-28 13:48:22 UTC,2022-10-28 13:48:22 UTC
127,red onion,4.4,2022-10-28 13:48:23 UTC,2022-10-28 13:48:23 UTC
128,rosemary,0.0,2022-10-28 13:48:23 UTC,2022-10-28 13:48:23 UTC
129,shredded mozzarella,29.8,2022-10-28 13:48:24 UTC,2022-10-28 13:48:24 UTC
130,fat free milk,3.4,2022-10-28 13:48:25 UTC,2022-10-28 13:48:25 UTC
131,sweet potato,26.0,2022-10-28 13:48:26 UTC,2022-10-28 13:48:26 UTC
132,water,9.0,2022-10-28 13:48:26 UTC,2022-10-28 13:48:26 UTC
133,whole wheat flour,37.0,2022-10-28 13:48:27 UTC,2022-10-28 13:48:27 UTC
134,fresh basil,0.0,2022-10-28 13:48:27 UTC,2022-10-28 13:48:27 UTC
135,tomato,2.7,2022-10-28 13:48:28 UTC,2022-10-28 13:48:28 UTC
136,nut butter,62.0,2022-10-28 13:48:29 UTC,2022-10-28 13:48:29 UTC
137,chocolate protein powder,0.0,2022-10-28 13:48:29 UTC,2022-10-28 13:48:29 UTC
138,coconut milk,83.3,2022-10-28 13:48:30 UTC,2022-10-28 13:48:30 UTC
139,unsweetened shredded coconut,83.3,2022-10-28 13:48:31 UTC,2022-10-28 13:48:31 UTC
140,blue cheese,40.8,2022-10-28 13:48:32 UTC,2022-10-28 13:48:32 UTC
141,cherries,0.0,2022-10-28 13:48:33 UTC,2022-10-28 13:48:33 UTC
142,cinnamon stick,0.0,2022-10-28 13:48:33 UTC,2022-10-28 13:48:33 UTC
143,lemon peel,0.0,2022-10-28 13:48:34 UTC,2022-10-28 13:48:34 UTC
144,red wine,4.4,2022-10-28 13:48:34 UTC,2022-10-28 13:48:34 UTC
145,almond meal,36.4,2022-10-28 13:48:35 UTC,2022-10-28 13:48:35 UTC
146,ground flaxseed,34.6,2022-10-28 13:48:36 UTC,2022-10-28 13:48:36 UTC
147,molasses,0.0,2022-10-28 13:48:36 UTC,2022-10-28 13:48:36 UTC
148,sesame seeds,61.2,2022-10-28 13:48:37 UTC,2022-10-28 13:48:37 UTC
149,sorghum flour,36.5,2022-10-28 13:48:38 UTC,2022-10-28 13:48:38 UTC
150,amaretto liqueur,0.0,2022-10-28 13:48:38 UTC,2022-10-28 13:48:38 UTC
151,egg whites,5.5,2022-10-28 13:48:39 UTC,2022-10-28 13:48:39 UTC
152,marzipan,0.0,2022-10-28 13:48:40 UTC,2022-10-28 13:48:40 UTC
153,shrimp,0.0,2022-10-28 13:48:40 UTC,2022-10-28 13:48:40 UTC
154,crabmeat,0.0,2022-10-28 13:48:41 UTC,2022-10-28 13:48:41 UTC
155,hot sauce,2.9,2022-10-28 13:48:41 UTC,2022-10-28 13:48:41 UTC
156,creole mustard,6.1,2022-10-28 13:48:42 UTC,2022-10-28 13:48:42 UTC
157,mayonnaise,0.0,2022-10-28 13:48:42 UTC,2022-10-28 13:48:42 UTC
158,jalapeno pepper,0.0,2022-10-28 13:48:43 UTC,2022-10-28 13:48:43 UTC
159,kosher salt,1.2,2022-10-28 13:48:44 UTC,2022-10-28 13:48:44 UTC
160,panko,0.0,2022-10-28 13:48:44 UTC,2022-10-28 13:48:44 UTC
161,seafood seasoning,0.0,2022-10-28 13:48:45 UTC,2022-10-28 13:48:45 UTC
162,grits,0.0,2022-10-28 13:48:45 UTC,2022-10-28 13:48:45 UTC
163,dehydrated garlic,14.3,2022-10-28 13:48:46 UTC,2022-10-28 13:48:46 UTC
164,asparagus,0.0,2022-10-28 13:48:46 UTC,2022-10-28 13:48:46 UTC
165,petite peas,0.0,2022-10-28 13:48:46 UTC,2022-10-28 13:48:46 UTC
166,vegetable stock,2.1,2022-10-28 13:48:47 UTC,2022-10-28 13:48:47 UTC
167,white whole wheat flour,37.0,2022-10-28 13:48:48 UTC,2022-10-28 13:48:48 UTC
168,dried basil,37.6,2022-10-28 13:48:49 UTC,2022-10-28 13:48:49 UTC
169,sun dried tomatoes,37.6,2022-10-28 13:48:49 UTC,2022-10-28 13:48:49 UTC
170,bell pepper,0.0,2022-10-28 13:48:50 UTC,2022-10-28 13:48:50 UTC
171,canned kidney beans,2.1,2022-10-28 13:48:51 UTC,2022-10-28 13:48:51 UTC
172,canned pinto beans,2.1,2022-10-28 13:48:52 UTC,2022-10-28 13:48:52 UTC
173,95 percent lean ground beef,22.0,2022-10-28 13:48:53 UTC,2022-10-28 13:48:53 UTC
174,oregano,0.0,2022-10-28 13:48:53 UTC,2022-10-28 13:48:53 UTC
175,tomato juice,2.7,2022-10-28 13:48:54 UTC,2022-10-28 13:48:54 UTC
176,canned chickpeas,1.8,2022-10-28 13:48:55 UTC,2022-10-28 13:48:55 UTC
177,couscous,0.0,2022-10-28 13:48:55 UTC,2022-10-28 13:48:55 UTC
178,spring onions,4.4,2022-10-28 13:48:56 UTC,2022-10-28 13:48:56 UTC
179,ginger powder,0.0,2022-10-28 13:48:56 UTC,2022-10-28 13:48:56 UTC
180,nutmeg,0.0,2022-10-28 13:48:57 UTC,2022-10-28 13:48:57 UTC
181,lemon,0.0,2022-10-28 13:48:57 UTC,2022-10-28 13:48:57 UTC
182,pistachio nuts,62.0,2022-10-28 13:48:58 UTC,2022-10-28 13:48:58 UTC
183,red pepper,4.4,2022-10-28 13:48:59 UTC,2022-10-28 13:48:59 UTC
184,turmeric,0.0,2022-10-28 13:48:59 UTC,2022-10-28 13:48:59 UTC
185,sage,0.0,2022-10-28 13:49:00 UTC,2022-10-28 13:49:00 UTC
186,pancetta,0.0,2022-10-28 13:49:00 UTC,2022-10-28 13:49:00 UTC
187,risotto rice,36.5,2022-10-28 13:49:01 UTC,2022-10-28 13:49:01 UTC
188,butternut squash,0.0,2022-10-28 13:49:01 UTC,2022-10-28 13:49:01 UTC
189,cheese,40.8,2022-10-28 13:49:02 UTC,2022-10-28 13:49:02 UTC
190,pound cake,0.0,2022-10-28 13:49:03 UTC,2022-10-28 13:49:03 UTC
191,vanilla ice cream,0.0,2022-10-28 13:49:03 UTC,2022-10-28 13:49:03 UTC
192,cream of tartar,0.0,2022-10-28 13:49:04 UTC,2022-10-28 13:49:04 UTC
193,cream cheese,40.8,2022-10-28 13:49:05 UTC,2022-10-28 13:49:05 UTC
194,white bread,27.0,2022-10-28 13:49:05 UTC,2022-10-28 13:49:05 UTC
195,agave,0.0,2022-10-28 13:49:06 UTC,2022-10-28 13:49:06 UTC
196,berries,0.0,2022-10-28 13:49:06 UTC,2022-10-28 13:49:06 UTC
197,coconut flour,36.5,2022-10-28 13:49:07 UTC,2022-10-28 13:49:07 UTC
198,orange extract,4.7,2022-10-28 13:49:08 UTC,2022-10-28 13:49:08 UTC
199,tapioca starch,0.0,2022-10-28 13:49:08 UTC,2022-10-28 13:49:08 UTC
200,whole wheat pastry flour,37.0,2022-10-28 13:49:09 UTC,2022-10-28 13:49:09 UTC
201,peach,4.2,2022-10-28 13:49:09 UTC,2022-10-28 13:49:09 UTC
202,dark brown sugar,36.5,2022-10-28 13:49:10 UTC,2022-10-28 13:49:10 UTC
203,kale,3.5,2022-10-28 13:49:11 UTC,2022-10-28 13:49:11 UTC
204,red pepper flakes,4.4,2022-10-28 13:49:11 UTC,2022-10-28 13:49:11 UTC
205,beer,0.0,2022-10-28 13:49:12 UTC,2022-10-28 13:49:12 UTC
206,golden raisins,43.0,2022-10-28 13:49:12 UTC,2022-10-28 13:49:12 UTC
207,ham slices,12.1,2022-10-28 13:49:13 UTC,2022-10-28 13:49:13 UTC
208,boneless skinless chicken breast,16.6,2022-10-28 13:49:14 UTC,2022-10-28 13:49:14 UTC
209,swiss cheese,39.3,2022-10-28 13:49:15 UTC,2022-10-28 13:49:15 UTC
210,chicken breast,16.6,2022-10-28 13:49:16 UTC,2022-10-28 13:49:16 UTC
211,colby jack,0.0,2022-10-28 13:49:16 UTC,2022-10-28 13:49:16 UTC
212,condensed cream of chicken soup,15.6,2022-10-28 13:49:17 UTC,2022-10-28 13:49:17 UTC
213,condensed cream of mushroom soup,4.5,2022-10-28 13:49:18 UTC,2022-10-28 13:49:18 UTC
214,rice,36.5,2022-10-28 13:49:18 UTC,2022-10-28 13:49:18 UTC
215,shredded cheddar cheese,40.8,2022-10-28 13:49:19 UTC,2022-10-28 13:49:19 UTC
216,broccoli,3.1,2022-10-28 13:49:20 UTC,2022-10-28 13:49:20 UTC
217,chives,0.0,2022-10-28 13:49:20 UTC,2022-10-28 13:49:20 UTC
218,orange pepper,4.7,2022-10-28 13:49:21 UTC,2022-10-28 13:49:21 UTC
219,kalamata olives,13.0,2022-10-28 13:49:22 UTC,2022-10-28 13:49:22 UTC
220,italian tomato,2.7,2022-10-28 13:49:23 UTC,2022-10-28 13:49:23 UTC
221,oil packed sun dried tomatoes,37.6,2022-10-28 13:49:23 UTC,2022-10-28 13:49:23 UTC
222,rice vinegar,36.5,2022-10-28 13:49:24 UTC,2022-10-28 13:49:24 UTC
223,seasoning,0.0,2022-10-28 13:49:25 UTC,2022-10-28 13:49:25 UTC
224,sriracha,0.0,2022-10-28 13:49:25 UTC,2022-10-28 13:49:25 UTC
225,hersheys kisses brand milk chocolates,15.7,2022-10-28 13:49:26 UTC,2022-10-28 13:49:26 UTC
226,double cream,0.0,2022-10-28 13:49:27 UTC,2022-10-28 13:49:27 UTC
227,reduced fat cream cheese,5.0,2022-10-28 13:49:28 UTC,2022-10-28 13:49:28 UTC
228,spinach,0.0,2022-10-28 13:49:28 UTC,2022-10-28 13:49:28 UTC
229,ricotta cheese,15.7,2022-10-28 13:49:29 UTC,2022-10-28 13:49:29 UTC
230,brown rice pasta,36.5,2022-10-28 13:49:30 UTC,2022-10-28 13:49:30 UTC
231,scallops,0.0,2022-10-28 13:49:31 UTC,2022-10-28 13:49:31 UTC
232,russet potato,0.0,2022-10-28 13:49:32 UTC,2022-10-28 13:49:32 UTC
233,beef broth,31.4,2022-10-28 13:49:32 UTC,2022-10-28 13:49:32 UTC
234,red curry paste,4.4,2022-10-28 13:49:33 UTC,2022-10-28 13:49:33 UTC
235,ground fennel,34.6,2022-10-28 13:49:34 UTC,2022-10-28 13:49:34 UTC
236,garam masala,0.0,2022-10-28 13:49:34 UTC,2022-10-28 13:49:34 UTC
237,lamb stew meat,17.4,2022-10-28 13:49:35 UTC,2022-10-28 13:49:35 UTC
238,plain yogurt,6.1,2022-10-28 13:49:36 UTC,2022-10-28 13:49:36 UTC
239,rotisserie chicken,15.6,2022-10-28 13:49:37 UTC,2022-10-28 13:49:37 UTC
240,refried beans,22.9,2022-10-28 13:49:37 UTC,2022-10-28 13:49:37 UTC
241,lettuce,1.7,2022-10-28 13:49:38 UTC,2022-10-28 13:49:38 UTC
242,cotija cheese,40.8,2022-10-28 13:49:39 UTC,2022-10-28 13:49:39 UTC
243,lime,0.0,2022-10-28 13:49:39 UTC,2022-10-28 13:49:39 UTC
244,guacamole,0.0,2022-10-28 13:49:40 UTC,2022-10-28 13:49:40 UTC
245,1 percent milk,4.3,2022-10-28 13:49:41 UTC,2022-10-28 13:49:41 UTC
246,shortening,0.0,2022-10-28 13:49:42 UTC,2022-10-28 13:49:42 UTC
247,dry yeast,32.6,2022-10-28 13:49:42 UTC,2022-10-28 13:49:42 UTC
248,seasoned breadcrumbs,0.0,2022-10-28 13:49:43 UTC,2022-10-28 13:49:43 UTC
249,cooked pasta,50.0,2022-10-28 13:49:44 UTC,2022-10-28 13:49:44 UTC
250,arugula,0.0,2022-10-28 13:49:44 UTC,2022-10-28 13:49:44 UTC
251,whole wheat bread,25.4,2022-10-28 13:49:45 UTC,2022-10-28 13:49:45 UTC
252,smoked salmon,0.0,2022-10-28 13:49:46 UTC,2022-10-28 13:49:46 UTC
253,worcestershire sauce,2.9,2022-10-28 13:49:46 UTC,2022-10-28 13:49:46 UTC
254,baby carrots,3.7,2022-10-28 13:49:47 UTC,2022-10-28 13:49:47 UTC
255,whole chicken,57.5,2022-10-28 13:49:48 UTC,2022-10-28 13:49:48 UTC
256,chicken broth,15.6,2022-10-28 13:49:49 UTC,2022-10-28 13:49:49 UTC
257,poultry seasoning,16.6,2022-10-28 13:49:49 UTC,2022-10-28 13:49:49 UTC
258,orzo,0.0,2022-10-28 13:49:50 UTC,2022-10-28 13:49:50 UTC
259,food color,17.4,2022-10-28 13:49:50 UTC,2022-10-28 13:49:50 UTC
260,dark chocolate bar,0.0,2022-10-28 13:49:51 UTC,2022-10-28 13:49:51 UTC
261,hash browns,36.5,2022-10-28 13:49:52 UTC,2022-10-28 13:49:52 UTC
262,pecans,0.0,2022-10-28 13:49:52 UTC,2022-10-28 13:49:52 UTC
263,unsweetened coconut milk,83.3,2022-10-28 13:49:53 UTC,2022-10-28 13:49:53 UTC
264,cauliflower,0.0,2022-10-28 13:49:54 UTC,2022-10-28 13:49:54 UTC
265,cumin seeds,61.2,2022-10-28 13:49:54 UTC,2022-10-28 13:49:54 UTC
266,curry powder,0.0,2022-10-28 13:49:55 UTC,2022-10-28 13:49:55 UTC
267,cardamom,0.0,2022-10-28 13:49:55 UTC,2022-10-28 13:49:55 UTC
268,peanut oil,83.3,2022-10-28 13:49:56 UTC,2022-10-28 13:49:56 UTC
269,rhubarb,0.0,2022-10-28 13:49:57 UTC,2022-10-28 13:49:57 UTC
270,allspice,0.0,2022-10-28 13:49:57 UTC,2022-10-28 13:49:57 UTC
271,ground clove,34.6,2022-10-28 13:49:58 UTC,2022-10-28 13:49:58 UTC
272,maple extract,0.0,2022-10-28 13:49:58 UTC,2022-10-28 13:49:58 UTC
273,mini chocolate chips,0.0,2022-10-28 13:49:59 UTC,2022-10-28 13:49:59 UTC
274,creamy peanut butter,0.0,2022-10-28 13:50:00 UTC,2022-10-28 13:50:00 UTC
275,green pepper,5.8,2022-10-28 13:50:00 UTC,2022-10-28 13:50:00 UTC
276,celery sticks,0.0,2022-10-28 13:50:01 UTC,2022-10-28 13:50:01 UTC
277,dried thyme,37.6,2022-10-28 13:50:02 UTC,2022-10-28 13:50:02 UTC
278,creole seasoning,0.0,2022-10-28 13:50:03 UTC,2022-10-28 13:50:03 UTC
279,unbleached flour,35.8,2022-10-28 13:50:04 UTC,2022-10-28 13:50:04 UTC
280,grapes,2.7,2022-10-28 13:50:05 UTC,2022-10-28 13:50:05 UTC
281,canned water chestnuts,9.0,2022-10-28 13:50:05 UTC,2022-10-28 13:50:05 UTC
282,dry sherry,32.6,2022-10-28 13:50:06 UTC,2022-10-28 13:50:06 UTC
283,sesame oil,83.3,2022-10-28 13:50:07 UTC,2022-10-28 13:50:07 UTC
284,mustard powder,6.1,2022-10-28 13:50:08 UTC,2022-10-28 13:50:08 UTC
285,beef,31.4,2022-10-28 13:50:09 UTC,2022-10-28 13:50:09 UTC
286,chili pepper,0.0,2022-10-28 13:50:09 UTC,2022-10-28 13:50:09 UTC
287,harissa,0.0,2022-10-28 13:50:10 UTC,2022-10-28 13:50:10 UTC
288,chicken stock,15.6,2022-10-28 13:50:10 UTC,2022-10-28 13:50:10 UTC
289,dried arbol chile,37.6,2022-10-28 13:50:11 UTC,2022-10-28 13:50:11 UTC
290,caraway seeds,61.2,2022-10-28 13:50:12 UTC,2022-10-28 13:50:12 UTC
291,cranberry juice,3.7,2022-10-28 13:50:13 UTC,2022-10-28 13:50:13 UTC
292,green apple,5.8,2022-10-28 13:50:13 UTC,2022-10-28 13:50:13 UTC
293,cake flour,36.5,2022-10-28 13:50:14 UTC,2022-10-28 13:50:14 UTC
294,candied ginger,0.0,2022-10-28 13:50:15 UTC,2022-10-28 13:50:15 UTC
295,dried apples,37.6,2022-10-28 13:50:16 UTC,2022-10-28 13:50:16 UTC
296,vanilla bean,22.9,2022-10-28 13:50:17 UTC,2022-10-28 13:50:17 UTC
297,alcohol,0.0,2022-10-28 13:50:17 UTC,2022-10-28 13:50:17 UTC
298,apple cider vinegar,0.0,2022-10-28 13:50:18 UTC,2022-10-28 13:50:18 UTC
299,apple,0.0,2022-10-28 13:50:19 UTC,2022-10-28 13:50:19 UTC
300,dried cherries,37.6,2022-10-28 13:50:19 UTC,2022-10-28 13:50:19 UTC
301,pear,5.7,2022-10-28 13:50:20 UTC,2022-10-28 13:50:20 UTC
302,spices,6.1,2022-10-28 13:50:21 UTC,2022-10-28 13:50:21 UTC
303,strawberries,8.3,2022-10-28 13:50:21 UTC,2022-10-28 13:50:21 UTC
304,white chocolate chips,37.6,2022-10-28 13:50:22 UTC,2022-10-28 13:50:22 UTC
305,bakers white chocolate,37.6,2022-10-28 13:50:23 UTC,2022-10-28 13:50:23 UTC
306,steak,14.5,2022-10-28 13:50:23 UTC,2022-10-28 13:50:23 UTC
307,beef base,31.4,2022-10-28 13:50:24 UTC,2022-10-28 13:50:24 UTC
308,portobello mushrooms,0.0,2022-10-28 13:50:25 UTC,2022-10-28 13:50:25 UTC
309,tortilla,0.0,2022-10-28 13:50:25 UTC,2022-10-28 13:50:25 UTC
310,cornmeal,0.0,2022-10-28 13:50:26 UTC,2022-10-28 13:50:26 UTC
311,granulated garlic,38.5,2022-10-28 13:50:26 UTC,2022-10-28 13:50:26 UTC
312,catfish,0.0,2022-10-28 13:50:27 UTC,2022-10-28 13:50:27 UTC
313,light mayonnaise,9.0,2022-10-28 13:50:27 UTC,2022-10-28 13:50:27 UTC
314,dill pickles,1.2,2022-10-28 13:50:28 UTC,2022-10-28 13:50:28 UTC
315,pickle juice,1.2,2022-10-28 13:50:29 UTC,2022-10-28 13:50:29 UTC
316,kefir,0.0,2022-10-28 13:50:29 UTC,2022-10-28 13:50:29 UTC
317,plain greek yogurt,6.1,2022-10-28 13:50:31 UTC,2022-10-28 13:50:31 UTC
318,white onion,3.5,2022-10-28 13:50:32 UTC,2022-10-28 13:50:32 UTC
319,queso fresco,32.6,2022-10-28 13:50:32 UTC,2022-10-28 13:50:32 UTC
320,mexican crema,0.0,2022-10-28 13:50:33 UTC,2022-10-28 13:50:33 UTC
321,caramelized onions,4.4,2022-10-28 13:50:34 UTC,2022-10-28 13:50:34 UTC
322,grape seed oil,2.7,2022-10-28 13:50:35 UTC,2022-10-28 13:50:35 UTC
323,dried cilantro,37.6,2022-10-28 13:50:35 UTC,2022-10-28 13:50:35 UTC
324,cheese ravioli,40.8,2022-10-28 13:50:36 UTC,2022-10-28 13:50:36 UTC
325,cheddar cheese,40.8,2022-10-28 13:50:37 UTC,2022-10-28 13:50:37 UTC
326,corn kernels,61.2,2022-10-28 13:50:38 UTC,2022-10-28 13:50:38 UTC
327,shredded chicken,15.6,2022-10-28 13:50:38 UTC,2022-10-28 13:50:38 UTC
328,maui onion,4.4,2022-10-28 13:50:39 UTC,2022-10-28 13:50:39 UTC
329,cherry jam,0.0,2022-10-28 13:50:40 UTC,2022-10-28 13:50:40 UTC
330,whipping cream,0.0,2022-10-28 13:50:40 UTC,2022-10-28 13:50:40 UTC
331,wine,0.0,2022-10-28 13:50:41 UTC,2022-10-28 13:50:41 UTC
332,cashews,0.0,2022-10-28 13:50:41 UTC,2022-10-28 13:50:41 UTC
333,coconut,83.3,2022-10-28 13:50:42 UTC,2022-10-28 13:50:42 UTC
334,stevia,0.0,2022-10-28 13:50:42 UTC,2022-10-28 13:50:42 UTC
335,braggs liquid aminos,0.0,2022-10-28 13:50:42 UTC,2022-10-28 13:50:42 UTC
336,flax egg,5.5,2022-10-28 13:50:43 UTC,2022-10-28 13:50:43 UTC
337,green beans,2.1,2022-10-28 13:50:44 UTC,2022-10-28 13:50:44 UTC
338,bok choy,0.0,2022-10-28 13:50:45 UTC,2022-10-28 13:50:45 UTC
339,brown rice,36.5,2022-10-28 13:50:45 UTC,2022-10-28 13:50:45 UTC
340,lime wedge,0.0,2022-10-28 13:50:46 UTC,2022-10-28 13:50:46 UTC
341,canned tomatoes,1.8,2022-10-28 13:50:47 UTC,2022-10-28 13:50:47 UTC
342,diced tomatoes with green chilies,1.8,2022-10-28 13:50:47 UTC,2022-10-28 13:50:47 UTC
343,medjool dates,0.0,2022-10-28 13:50:48 UTC,2022-10-28 13:50:48 UTC
344,sunflower seeds,61.2,2022-10-28 13:50:49 UTC,2022-10-28 13:50:49 UTC
345,mint,0.0,2022-10-28 13:50:49 UTC,2022-10-28 13:50:49 UTC
346,watermelon,0.0,2022-10-28 13:50:50 UTC,2022-10-28 13:50:50 UTC
347,dulce de leche,0.0,2022-10-28 13:50:50 UTC,2022-10-28 13:50:50 UTC
348,lemon basil,0.0,2022-10-28 13:50:51 UTC,2022-10-28 13:50:51 UTC
349,sparkling water,9.0,2022-10-28 13:50:51 UTC,2022-10-28 13:50:51 UTC
350,simple syrup,0.0,2022-10-28 13:50:52 UTC,2022-10-28 13:50:52 UTC
351,ice,0.0,2022-10-28 13:50:52 UTC,2022-10-28 13:50:52 UTC
352,bottle gourd,3.7,2022-10-28 13:50:53 UTC,2022-10-28 13:50:53 UTC
353,mini peppers,0.0,2022-10-28 13:50:53 UTC,2022-10-28 13:50:53 UTC
354,cottage cheese,8.4,2022-10-28 13:50:54 UTC,2022-10-28 13:50:54 UTC
355,fettuccine,0.0,2022-10-28 13:50:55 UTC,2022-10-28 13:50:55 UTC
356,hamburger bun,0.0,2022-10-28 13:50:55 UTC,2022-10-28 13:50:55 UTC
357,ground chuck,34.6,2022-10-28 13:50:56 UTC,2022-10-28 13:50:56 UTC
358,canned tomato sauce,1.8,2022-10-28 13:50:57 UTC,2022-10-28 13:50:57 UTC
359,balsamic vinegar,0.0,2022-10-28 13:50:57 UTC,2022-10-28 13:50:57 UTC
360,blueberries,0.0,2022-10-28 13:50:58 UTC,2022-10-28 13:50:58 UTC
361,lime peel,0.0,2022-10-28 13:50:58 UTC,2022-10-28 13:50:58 UTC
362,pork chops,17.4,2022-10-28 13:50:59 UTC,2022-10-28 13:50:59 UTC
363,roast beef,17.6,2022-10-28 13:51:00 UTC,2022-10-28 13:51:00 UTC
364,hollandaise sauce,2.9,2022-10-28 13:51:01 UTC,2022-10-28 13:51:01 UTC
365,canadian bacon,50.0,2022-10-28 13:51:01 UTC,2022-10-28 13:51:01 UTC
366,english muffin,0.0,2022-10-28 13:51:02 UTC,2022-10-28 13:51:02 UTC
367,bread flour,36.3,2022-10-28 13:51:03 UTC,2022-10-28 13:51:03 UTC
