id,unit,amount,metric_unit,metric_amount,created_at,updated_at,recipe_id,ingredient_id
1,cup,1.5,ml,354.882,2022-11-11 05:13:58 UTC,2022-11-11 05:13:58 UTC,1,1
2,"",1.0,"",1.0,2022-11-11 05:13:58 UTC,2022-11-11 05:13:58 UTC,1,2
3,cups,2.0,ml,473.176,2022-11-11 05:13:58 UTC,2022-11-11 05:13:58 UTC,1,3
4,"",1.0,"",1.0,2022-11-11 05:13:58 UTC,2022-11-11 05:13:58 UTC,1,4
5,tablespoon,1.0,Tbsp,1.0,2022-11-11 05:13:58 UTC,2022-11-11 05:13:58 UTC,1,5
6,cup,1.0,ml,236.588,2022-11-11 05:13:58 UTC,2022-11-11 05:13:58 UTC,1,6
7,pounds,10.0,kgs,4.536,2022-11-11 05:13:58 UTC,2022-11-11 05:13:58 UTC,2,7
8,"",1.0,"",1.0,2022-11-11 05:13:59 UTC,2022-11-11 05:13:59 UTC,2,8
9,cup,1.0,ml,236.588,2022-11-11 05:13:59 UTC,2022-11-11 05:13:59 UTC,2,9
10,cup,1.0,ml,236.588,2022-11-11 05:13:59 UTC,2022-11-11 05:13:59 UTC,2,10
11,cups,2.0,ml,473.176,2022-11-11 05:13:59 UTC,2022-11-11 05:13:59 UTC,2,11
12,cup,1.0,ml,236.588,2022-11-11 05:13:59 UTC,2022-11-11 05:13:59 UTC,2,12
13,cup,0.25,ml,59.147,2022-11-11 05:13:59 UTC,2022-11-11 05:13:59 UTC,2,13
14,sprig,1.0,sprig,1.0,2022-11-11 05:13:59 UTC,2022-11-11 05:13:59 UTC,2,14
15,teaspoon,1.0,tsp,1.0,2022-11-11 05:14:00 UTC,2022-11-11 05:14:00 UTC,2,15
16,C,0.5,cups,0.5,2022-11-11 05:14:00 UTC,2022-11-11 05:14:00 UTC,3,16
17,C,1.5,cups,1.5,2022-11-11 05:14:00 UTC,2022-11-11 05:14:00 UTC,3,13
18,"",3.0,"",3.0,2022-11-11 05:14:00 UTC,2022-11-11 05:14:00 UTC,3,17
19,lb,1.0,g,453.592,2022-11-11 05:14:00 UTC,2022-11-11 05:14:00 UTC,3,18
20,C,2.0,cups,2.0,2022-11-11 05:14:00 UTC,2022-11-11 05:14:00 UTC,3,19
21,C,1.5,cups,1.5,2022-11-11 05:14:00 UTC,2022-11-11 05:14:00 UTC,3,20
22,C,1.0,cup,1.0,2022-11-11 05:14:01 UTC,2022-11-11 05:14:01 UTC,3,21
23,Tsp,2.0,tsps,2.0,2022-11-11 05:14:01 UTC,2022-11-11 05:14:01 UTC,3,22
24,Tsp,1.0,tsp,1.0,2022-11-11 05:14:01 UTC,2022-11-11 05:14:01 UTC,3,23
25,"",6.0,"",6.0,2022-11-11 05:14:01 UTC,2022-11-11 05:14:01 UTC,3,4
26,"",2.0,"",2.0,2022-11-11 05:14:01 UTC,2022-11-11 05:14:01 UTC,3,4
27,C,0.25,cups,0.25,2022-11-11 05:14:01 UTC,2022-11-11 05:14:01 UTC,3,16
28,C,1.0,cup,1.0,2022-11-11 05:14:01 UTC,2022-11-11 05:14:01 UTC,3,13
29,"",3.0,"",3.0,2022-11-11 05:14:01 UTC,2022-11-11 05:14:01 UTC,4,2
30,oz,7.0,g,198.447,2022-11-11 05:14:01 UTC,2022-11-11 05:14:01 UTC,4,24
31,TBSP,1.0,Tbsp,1.0,2022-11-11 05:14:01 UTC,2022-11-11 05:14:01 UTC,4,25
32,oz,3.0,g,85.049,2022-11-11 05:14:01 UTC,2022-11-11 05:14:01 UTC,4,26
33,cup,1.0,ml,236.588,2022-11-11 05:14:02 UTC,2022-11-11 05:14:02 UTC,4,27
34,"",10.5,"",10.5,2022-11-11 05:14:02 UTC,2022-11-11 05:14:02 UTC,4,28
35,oz,7.0,g,198.447,2022-11-11 05:14:02 UTC,2022-11-11 05:14:02 UTC,4,29
36,cloves,3.0,cloves,3.0,2022-11-11 05:14:02 UTC,2022-11-11 05:14:02 UTC,4,30
37,oz,4.0,g,113.398,2022-11-11 05:14:02 UTC,2022-11-11 05:14:02 UTC,4,31
38,"",1.0,"",1.0,2022-11-11 05:14:02 UTC,2022-11-11 05:14:02 UTC,4,32
39,TBSP,1.0,Tbsp,1.0,2022-11-11 05:14:02 UTC,2022-11-11 05:14:02 UTC,4,33
40,"",2.0,"",2.0,2022-11-11 05:14:03 UTC,2022-11-11 05:14:03 UTC,4,34
41,oz,10.0,g,283.495,2022-11-11 05:14:03 UTC,2022-11-11 05:14:03 UTC,4,35
42,"",0.5,"",0.5,2022-11-11 05:14:03 UTC,2022-11-11 05:14:03 UTC,4,36
43,TBSP,1.0,Tbsp,1.0,2022-11-11 05:14:03 UTC,2022-11-11 05:14:03 UTC,4,37
44,cup,1.0,ml,236.588,2022-11-11 05:14:03 UTC,2022-11-11 05:14:03 UTC,4,38
45,cups,3.0,ml,709.764,2022-11-11 05:14:03 UTC,2022-11-11 05:14:03 UTC,4,39
46,cup,1.0,ml,236.588,2022-11-11 05:14:04 UTC,2022-11-11 05:14:04 UTC,4,40
47,"",3.0,"",3.0,2022-11-11 05:14:04 UTC,2022-11-11 05:14:04 UTC,4,41
48,"",0.5,"",0.5,2022-11-11 05:14:04 UTC,2022-11-11 05:14:04 UTC,4,42
49,g,50.0,g,50.0,2022-11-11 05:14:04 UTC,2022-11-11 05:14:04 UTC,5,43
50,Tbs,4.0,Tbs,4.0,2022-11-11 05:14:04 UTC,2022-11-11 05:14:04 UTC,5,44
51,"",1.0,"",1.0,2022-11-11 05:14:04 UTC,2022-11-11 05:14:04 UTC,5,17
52,small,4.0,small,4.0,2022-11-11 05:14:04 UTC,2022-11-11 05:14:04 UTC,5,45
53,g,50.0,g,50.0,2022-11-11 05:14:04 UTC,2022-11-11 05:14:04 UTC,5,46
54,servings,4.0,servings,4.0,2022-11-11 05:14:05 UTC,2022-11-11 05:14:05 UTC,5,47
55,g,100.0,g,100.0,2022-11-11 05:14:05 UTC,2022-11-11 05:14:05 UTC,5,48
56,tablespoons,2.0,Tbsps,2.0,2022-11-11 05:14:05 UTC,2022-11-11 05:14:05 UTC,5,49
57,tsp,0.5,tsps,0.5,2022-11-11 05:14:05 UTC,2022-11-11 05:14:05 UTC,5,50
58,g,350.0,g,350.0,2022-11-11 05:14:05 UTC,2022-11-11 05:14:05 UTC,5,51
59,cups,6.0,l,1.42,2022-11-11 05:14:05 UTC,2022-11-11 05:14:05 UTC,6,52
60,cup,0.5,ml,118.294,2022-11-11 05:14:06 UTC,2022-11-11 05:14:06 UTC,6,53
61,cup,0.5,ml,118.294,2022-11-11 05:14:06 UTC,2022-11-11 05:14:06 UTC,6,54
62,large,5.0,large,5.0,2022-11-11 05:14:06 UTC,2022-11-11 05:14:06 UTC,6,30
63,cup,0.5,ml,118.294,2022-11-11 05:14:06 UTC,2022-11-11 05:14:06 UTC,6,49
64,tablespoon,1.0,Tbsp,1.0,2022-11-11 05:14:06 UTC,2022-11-11 05:14:06 UTC,6,55
65,serving,1.0,serving,1.0,2022-11-11 05:14:06 UTC,2022-11-11 05:14:06 UTC,6,56
66,"",2.0,"",2.0,2022-11-11 05:14:06 UTC,2022-11-11 05:14:06 UTC,7,57
67,tsp,0.25,tsps,0.25,2022-11-11 05:14:06 UTC,2022-11-11 05:14:06 UTC,7,58
68,cups,1.5,ml,354.882,2022-11-11 05:14:06 UTC,2022-11-11 05:14:06 UTC,7,59
69,cup,0.5,ml,118.294,2022-11-11 05:14:06 UTC,2022-11-11 05:14:06 UTC,7,40
70,Tbs,3.0,Tbs,3.0,2022-11-11 05:14:06 UTC,2022-11-11 05:14:06 UTC,7,49
71,Tbs,1.0,Tbs,1.0,2022-11-11 05:14:07 UTC,2022-11-11 05:14:07 UTC,7,60
72,cloves,2.0,cloves,2.0,2022-11-11 05:14:07 UTC,2022-11-11 05:14:07 UTC,7,30
73,tsp,0.25,tsps,0.25,2022-11-11 05:14:07 UTC,2022-11-11 05:14:07 UTC,7,61
74,tsp,1.0,tsp,1.0,2022-11-11 05:14:07 UTC,2022-11-11 05:14:07 UTC,7,47
75,cups,2.0,ml,473.176,2022-11-11 05:14:07 UTC,2022-11-11 05:14:07 UTC,8,62
76,cups,1.5,ml,354.882,2022-11-11 05:14:07 UTC,2022-11-11 05:14:07 UTC,8,63
77,Tbsp,1.0,Tbsp,1.0,2022-11-11 05:14:07 UTC,2022-11-11 05:14:07 UTC,8,64
78,cup,0.6666667,ml,157.725,2022-11-11 05:14:07 UTC,2022-11-11 05:14:07 UTC,8,65
79,cup,0.5,ml,118.294,2022-11-11 05:14:07 UTC,2022-11-11 05:14:07 UTC,8,13
80,Tsp,1.0,tsp,1.0,2022-11-11 05:14:07 UTC,2022-11-11 05:14:07 UTC,8,15
81,slices,6.0,slice,6.0,2022-11-11 05:14:07 UTC,2022-11-11 05:14:07 UTC,8,66
82,"",1.0,"",1.0,2022-11-11 05:14:07 UTC,2022-11-11 05:14:07 UTC,8,36
83,"",1.0,"",1.0,2022-11-11 05:14:07 UTC,2022-11-11 05:14:07 UTC,8,30
84,cup,1.0,ml,236.588,2022-11-11 05:14:08 UTC,2022-11-11 05:14:08 UTC,8,67
85,oz,16.0,g,453.592,2022-11-11 05:14:08 UTC,2022-11-11 05:14:08 UTC,8,68
86,cups,1.25,ml,295.735,2022-11-11 05:14:08 UTC,2022-11-11 05:14:08 UTC,9,1
87,tablespoon,1.0,Tbsp,1.0,2022-11-11 05:14:08 UTC,2022-11-11 05:14:08 UTC,9,69
88,teaspoon,1.0,tsp,1.0,2022-11-11 05:14:08 UTC,2022-11-11 05:14:08 UTC,9,70
89,tablespoon,0.5,Tbsps,0.5,2022-11-11 05:14:08 UTC,2022-11-11 05:14:08 UTC,9,71
90,cup,0.25,ml,59.147,2022-11-11 05:14:08 UTC,2022-11-11 05:14:08 UTC,9,72
91,cup,0.25,ml,59.147,2022-11-11 05:14:08 UTC,2022-11-11 05:14:08 UTC,9,73
92,tablespoon,1.0,Tbsp,1.0,2022-11-11 05:14:09 UTC,2022-11-11 05:14:09 UTC,9,74
93,cup,0.25,ml,59.147,2022-11-11 05:14:09 UTC,2022-11-11 05:14:09 UTC,9,75
94,cup,0.25,ml,59.147,2022-11-11 05:14:09 UTC,2022-11-11 05:14:09 UTC,9,76
95,teaspoon,0.5,tsps,0.5,2022-11-11 05:14:09 UTC,2022-11-11 05:14:09 UTC,9,77
96,tablespoons,1.5,Tbsps,1.5,2022-11-11 05:14:09 UTC,2022-11-11 05:14:09 UTC,9,78
97,teaspoons,2.0,tsps,2.0,2022-11-11 05:14:09 UTC,2022-11-11 05:14:09 UTC,9,23
98,cup,0.25,ml,59.147,2022-11-11 05:14:09 UTC,2022-11-11 05:14:09 UTC,9,79
99,oz,15.0,g,425.243,2022-11-11 05:14:09 UTC,2022-11-11 05:14:09 UTC,10,24
100,tablespoons,2.0,Tbsps,2.0,2022-11-11 05:14:09 UTC,2022-11-11 05:14:09 UTC,10,74
101,cup,0.25,ml,59.147,2022-11-11 05:14:09 UTC,2022-11-11 05:14:09 UTC,10,80
102,"",2.0,"",2.0,2022-11-11 05:14:09 UTC,2022-11-11 05:14:09 UTC,10,17
103,"",1.0,"",1.0,2022-11-11 05:14:10 UTC,2022-11-11 05:14:10 UTC,10,81
104,cup,0.75,ml,177.441,2022-11-11 05:14:10 UTC,2022-11-11 05:14:10 UTC,10,82
105,tablespoons,3.0,Tbsps,3.0,2022-11-11 05:14:10 UTC,2022-11-11 05:14:10 UTC,10,83
106,tablespoons,1.5,Tbsps,1.5,2022-11-11 05:14:10 UTC,2022-11-11 05:14:10 UTC,10,84
107,ounces,3.0,g,85.049,2022-11-11 05:14:10 UTC,2022-11-11 05:14:10 UTC,10,85
108,tablespoons,2.0,Tbsps,2.0,2022-11-11 05:14:10 UTC,2022-11-11 05:14:10 UTC,10,86
109,teaspoon,1.0,tsp,1.0,2022-11-11 05:14:10 UTC,2022-11-11 05:14:10 UTC,10,23
110,teaspoon,0.5,tsps,0.5,2022-11-11 05:14:10 UTC,2022-11-11 05:14:10 UTC,10,77
111,cup,0.5,ml,118.294,2022-11-11 05:14:10 UTC,2022-11-11 05:14:10 UTC,10,87
112,cup,0.5,ml,118.294,2022-11-11 05:14:10 UTC,2022-11-11 05:14:10 UTC,10,79
113,cups,4.0,ml,946.352,2022-11-11 05:14:10 UTC,2022-11-11 05:14:10 UTC,11,88
114,cup,0.5,ml,118.294,2022-11-11 05:14:11 UTC,2022-11-11 05:14:11 UTC,11,89
115,cup,0.5,ml,118.294,2022-11-11 05:14:11 UTC,2022-11-11 05:14:11 UTC,11,82
116,teaspoons,1.0,tsp,1.0,2022-11-11 05:14:11 UTC,2022-11-11 05:14:11 UTC,11,23
117,tablespoon,1.0,Tbsp,1.0,2022-11-11 05:14:11 UTC,2022-11-11 05:14:11 UTC,11,90
118,"",1.0,"",1.0,2022-11-11 05:14:11 UTC,2022-11-11 05:14:11 UTC,11,8
119,cups,2.0,ml,473.176,2022-11-11 05:14:11 UTC,2022-11-11 05:14:11 UTC,11,91
120,teaspoons,2.0,tsps,2.0,2022-11-11 05:14:11 UTC,2022-11-11 05:14:11 UTC,11,11
121,tablespoons,1.0,Tbsp,1.0,2022-11-11 05:14:11 UTC,2022-11-11 05:14:11 UTC,11,92
122,"",1.0,"",1.0,2022-11-11 05:14:11 UTC,2022-11-11 05:14:11 UTC,12,93
123,"",0.5,"",0.5,2022-11-11 05:14:11 UTC,2022-11-11 05:14:11 UTC,12,42
124,"",4.0,"",4.0,2022-11-11 05:14:11 UTC,2022-11-11 05:14:11 UTC,12,94
125,cup,0.5,ml,118.294,2022-11-11 05:14:11 UTC,2022-11-11 05:14:11 UTC,12,95
126,tablespoons,1.0,Tbsp,1.0,2022-11-11 05:14:12 UTC,2022-11-11 05:14:12 UTC,12,96
127,tablespoons,2.0,Tbsps,2.0,2022-11-11 05:14:12 UTC,2022-11-11 05:14:12 UTC,12,97
128,tablespoons,2.0,Tbsps,2.0,2022-11-11 05:14:12 UTC,2022-11-11 05:14:12 UTC,12,98
129,large,1.0,large,1.0,2022-11-11 05:14:12 UTC,2022-11-11 05:14:12 UTC,12,99
130,cup,0.5,ml,118.294,2022-11-11 05:14:12 UTC,2022-11-11 05:14:12 UTC,12,100
131,cup,0.5,ml,118.294,2022-11-11 05:14:12 UTC,2022-11-11 05:14:12 UTC,12,101
132,tablespoon,1.0,Tbsp,1.0,2022-11-11 05:14:12 UTC,2022-11-11 05:14:12 UTC,12,16
133,tablespoons,2.0,Tbsps,2.0,2022-11-11 05:14:12 UTC,2022-11-11 05:14:12 UTC,12,19
134,teaspoon,0.5,tsps,0.5,2022-11-11 05:14:12 UTC,2022-11-11 05:14:12 UTC,12,49
135,serving,1.0,serving,1.0,2022-11-11 05:14:12 UTC,2022-11-11 05:14:12 UTC,12,56
136,"",1.0,"",1.0,2022-11-11 05:14:12 UTC,2022-11-11 05:14:12 UTC,13,102
137,serving,1.0,serving,1.0,2022-11-11 05:14:12 UTC,2022-11-11 05:14:12 UTC,13,56
138,Tbs,2.0,Tbs,2.0,2022-11-11 05:14:12 UTC,2022-11-11 05:14:12 UTC,13,74
139,tsp,1.0,tsp,1.0,2022-11-11 05:14:13 UTC,2022-11-11 05:14:13 UTC,13,103
140,tsp,0.5,tsps,0.5,2022-11-11 05:14:13 UTC,2022-11-11 05:14:13 UTC,13,104
141,tsp,0.5,tsps,0.5,2022-11-11 05:14:13 UTC,2022-11-11 05:14:13 UTC,13,105
142,tsp,0.5,tsps,0.5,2022-11-11 05:14:13 UTC,2022-11-11 05:14:13 UTC,13,33
143,tsp,0.25,tsps,0.25,2022-11-11 05:14:13 UTC,2022-11-11 05:14:13 UTC,13,106
144,cups,1.5,ml,354.882,2022-11-11 05:14:13 UTC,2022-11-11 05:14:13 UTC,13,107
145,cup,0.33333334,ml,78.863,2022-11-11 05:14:13 UTC,2022-11-11 05:14:13 UTC,13,13
146,tbsp,0.5,Tbsps,0.5,2022-11-11 05:14:13 UTC,2022-11-11 05:14:13 UTC,13,108
147,package,1.0,pkg,1.0,2022-11-11 05:14:13 UTC,2022-11-11 05:14:13 UTC,14,109
148,cup,1.0,ml,236.588,2022-11-11 05:14:14 UTC,2022-11-11 05:14:14 UTC,14,110
149,cup,1.0,ml,236.588,2022-11-11 05:14:14 UTC,2022-11-11 05:14:14 UTC,14,110
150,tsp,1.0,tsp,1.0,2022-11-11 05:14:14 UTC,2022-11-11 05:14:14 UTC,14,56
151,cup,0.25,ml,59.147,2022-11-11 05:14:14 UTC,2022-11-11 05:14:14 UTC,14,40
152,cup,0.25,ml,59.147,2022-11-11 05:14:14 UTC,2022-11-11 05:14:14 UTC,14,86
153,serving,1.0,serving,1.0,2022-11-11 05:14:14 UTC,2022-11-11 05:14:14 UTC,14,98
154,pound,3.0,kgs,1.361,2022-11-11 05:14:14 UTC,2022-11-11 05:14:14 UTC,15,111
155,serving,1.0,serving,1.0,2022-11-11 05:14:14 UTC,2022-11-11 05:14:14 UTC,15,58
156,tablespoons,2.0,Tbsps,2.0,2022-11-11 05:14:14 UTC,2022-11-11 05:14:14 UTC,15,74
157,"",1.0,"",1.0,2022-11-11 05:14:14 UTC,2022-11-11 05:14:14 UTC,15,112
158,large,1.0,large,1.0,2022-11-11 05:14:14 UTC,2022-11-11 05:14:14 UTC,15,36
159,"",2.0,"",2.0,2022-11-11 05:14:14 UTC,2022-11-11 05:14:14 UTC,15,113
160,rib,2.0,rib,2.0,2022-11-11 05:14:14 UTC,2022-11-11 05:14:14 UTC,15,114
161,"",4.0,"",4.0,2022-11-11 05:14:14 UTC,2022-11-11 05:14:14 UTC,15,30
162,"",6.0,"",6.0,2022-11-11 05:14:14 UTC,2022-11-11 05:14:14 UTC,15,115
163,tablespoon,1.0,Tbsp,1.0,2022-11-11 05:14:14 UTC,2022-11-11 05:14:14 UTC,15,105
164,cup,0.5,ml,118.294,2022-11-11 05:14:14 UTC,2022-11-11 05:14:14 UTC,15,116
165,cup,1.0,ml,236.588,2022-11-11 05:14:15 UTC,2022-11-11 05:14:15 UTC,15,117
166,cups,2.0,ml,473.176,2022-11-11 05:14:15 UTC,2022-11-11 05:14:15 UTC,15,118
167,cup,1.0,ml,236.588,2022-11-11 05:14:15 UTC,2022-11-11 05:14:15 UTC,15,119
168,tablespoons,2.0,Tbsps,2.0,2022-11-11 05:14:15 UTC,2022-11-11 05:14:15 UTC,15,5
169,tablespoons,3.0,Tbsps,3.0,2022-11-11 05:14:15 UTC,2022-11-11 05:14:15 UTC,15,89
170,serving,1.0,serving,1.0,2022-11-11 05:14:15 UTC,2022-11-11 05:14:15 UTC,15,56
171,pound,1.0,g,453.592,2022-11-11 05:14:15 UTC,2022-11-11 05:14:15 UTC,15,120
172,tablespoons,2.0,Tbsps,2.0,2022-11-11 05:14:15 UTC,2022-11-11 05:14:15 UTC,15,98
173,serving,1.0,serving,1.0,2022-11-11 05:14:15 UTC,2022-11-11 05:14:15 UTC,15,121
174,tablespoon,1.0,Tbsp,1.0,2022-11-11 05:14:15 UTC,2022-11-11 05:14:15 UTC,15,115
175,g,400.0,g,400.0,2022-11-11 05:14:15 UTC,2022-11-11 05:14:15 UTC,16,122
176,Tbs,2.0,Tbs,2.0,2022-11-11 05:14:15 UTC,2022-11-11 05:14:15 UTC,16,87
177,cup,1.0,ml,236.588,2022-11-11 05:14:15 UTC,2022-11-11 05:14:15 UTC,16,20
178,tsp,0.125,tsps,0.125,2022-11-11 05:14:15 UTC,2022-11-11 05:14:15 UTC,16,104
179,tsp,0.25,tsps,0.25,2022-11-11 05:14:15 UTC,2022-11-11 05:14:15 UTC,16,77
180,tsp,0.25,tsps,0.25,2022-11-11 05:14:15 UTC,2022-11-11 05:14:15 UTC,16,50
181,g,50.0,g,50.0,2022-11-11 05:14:15 UTC,2022-11-11 05:14:15 UTC,16,46
182,g,50.0,g,50.0,2022-11-11 05:14:15 UTC,2022-11-11 05:14:15 UTC,16,123
183,cup,0.5,ml,118.294,2022-11-11 05:14:15 UTC,2022-11-11 05:14:15 UTC,17,16
184,cup,1.25,ml,295.735,2022-11-11 05:14:16 UTC,2022-11-11 05:14:16 UTC,17,124
185,"",3.0,"",3.0,2022-11-11 05:14:16 UTC,2022-11-11 05:14:16 UTC,17,17
186,tablespoons,2.0,Tbsps,2.0,2022-11-11 05:14:16 UTC,2022-11-11 05:14:16 UTC,17,87
187,cup,1.0,ml,236.588,2022-11-11 05:14:16 UTC,2022-11-11 05:14:16 UTC,17,82
188,"",1.0,"",1.0,2022-11-11 05:14:16 UTC,2022-11-11 05:14:16 UTC,17,125
189,teaspoon,1.0,tsp,1.0,2022-11-11 05:14:16 UTC,2022-11-11 05:14:16 UTC,17,23
190,tablespoon,1.0,Tbsp,1.0,2022-11-11 05:14:16 UTC,2022-11-11 05:14:16 UTC,18,126
191,lb,1.0,g,453.592,2022-11-11 05:14:16 UTC,2022-11-11 05:14:16 UTC,18,30
192,Tablespoon,1.0,Tbsp,1.0,2022-11-11 05:14:16 UTC,2022-11-11 05:14:16 UTC,18,49
193,"",1.0,"",1.0,2022-11-11 05:14:16 UTC,2022-11-11 05:14:16 UTC,18,127
194,"",1.0,"",1.0,2022-11-11 05:14:16 UTC,2022-11-11 05:14:16 UTC,18,30
195,tsp,1.0,tsp,1.0,2022-11-11 05:14:16 UTC,2022-11-11 05:14:16 UTC,18,128
196,teaspoon,0.5,tsps,0.5,2022-11-11 05:14:16 UTC,2022-11-11 05:14:16 UTC,18,77
197,cup,1.0,ml,236.588,2022-11-11 05:14:16 UTC,2022-11-11 05:14:16 UTC,18,129
198,cup,0.5,ml,118.294,2022-11-11 05:14:17 UTC,2022-11-11 05:14:17 UTC,18,130
199,medium,2.0,medium,2.0,2022-11-11 05:14:17 UTC,2022-11-11 05:14:17 UTC,18,131
200,tsp,1.0,tsp,1.0,2022-11-11 05:14:17 UTC,2022-11-11 05:14:17 UTC,18,115
201,cups,4.0,ml,946.352,2022-11-11 05:14:17 UTC,2022-11-11 05:14:17 UTC,18,132
202,cup,1.0,ml,236.588,2022-11-11 05:14:17 UTC,2022-11-11 05:14:17 UTC,18,133
203,pound,1.0,g,453.592,2022-11-11 05:14:17 UTC,2022-11-11 05:14:17 UTC,19,109
204,medium,24.0,medium,24.0,2022-11-11 05:14:17 UTC,2022-11-11 05:14:17 UTC,19,134
205,large,2.0,large,2.0,2022-11-11 05:14:17 UTC,2022-11-11 05:14:17 UTC,19,48
206,tbsp,2.0,Tbsps,2.0,2022-11-11 05:14:17 UTC,2022-11-11 05:14:17 UTC,19,49
207,servings,4.0,servings,4.0,2022-11-11 05:14:17 UTC,2022-11-11 05:14:17 UTC,19,56
208,"",4.0,"",4.0,2022-11-11 05:14:17 UTC,2022-11-11 05:14:17 UTC,19,135
209,tablespoons,2.0,Tbsps,2.0,2022-11-11 05:14:17 UTC,2022-11-11 05:14:17 UTC,19,86
210,Tablespoon,1.0,Tbsp,1.0,2022-11-11 05:14:17 UTC,2022-11-11 05:14:17 UTC,20,136
211,cup,0.5,ml,118.294,2022-11-11 05:14:17 UTC,2022-11-11 05:14:17 UTC,20,1
212,scoop,1.0,scoop,1.0,2022-11-11 05:14:18 UTC,2022-11-11 05:14:18 UTC,20,137
213,cup,0.5,ml,118.294,2022-11-11 05:14:18 UTC,2022-11-11 05:14:18 UTC,20,138
214,Tablespoon,1.0,Tbsp,1.0,2022-11-11 05:14:18 UTC,2022-11-11 05:14:18 UTC,20,139
215,inches,4.0,inches,4.0,2022-11-11 05:14:18 UTC,2022-11-11 05:14:18 UTC,21,43
216,tablespoon,1.0,Tbsp,1.0,2022-11-11 05:14:18 UTC,2022-11-11 05:14:18 UTC,21,140
217,inches,8.0,inches,8.0,2022-11-11 05:14:18 UTC,2022-11-11 05:14:18 UTC,21,141
218,"",1.0,"",1.0,2022-11-11 05:14:18 UTC,2022-11-11 05:14:18 UTC,21,142
219,"",1.0,"",1.0,2022-11-11 05:14:18 UTC,2022-11-11 05:14:18 UTC,21,143
220,cups,2.0,ml,473.176,2022-11-11 05:14:19 UTC,2022-11-11 05:14:19 UTC,21,144
221,tablespoons,4.0,Tbsps,4.0,2022-11-11 05:14:19 UTC,2022-11-11 05:14:19 UTC,21,82
222,tablespoon,1.0,Tbsp,1.0,2022-11-11 05:14:19 UTC,2022-11-11 05:14:19 UTC,22,145
223,teaspoon,0.5,tsps,0.5,2022-11-11 05:14:19 UTC,2022-11-11 05:14:19 UTC,22,126
224,teaspoon,0.5,tsps,0.5,2022-11-11 05:14:19 UTC,2022-11-11 05:14:19 UTC,22,83
225,large,1.0,large,1.0,2022-11-11 05:14:19 UTC,2022-11-11 05:14:19 UTC,22,17
226,tablespoon,1.0,Tbsp,1.0,2022-11-11 05:14:19 UTC,2022-11-11 05:14:19 UTC,22,146
227,teaspoon,0.75,tsps,0.75,2022-11-11 05:14:19 UTC,2022-11-11 05:14:19 UTC,22,147
228,pinch,1.0,pinch,1.0,2022-11-11 05:14:19 UTC,2022-11-11 05:14:19 UTC,22,77
229,serving,1.0,serving,1.0,2022-11-11 05:14:19 UTC,2022-11-11 05:14:19 UTC,22,148
230,tablespoons,2.0,Tbsps,2.0,2022-11-11 05:14:19 UTC,2022-11-11 05:14:19 UTC,22,149
231,g,50.0,g,50.0,2022-11-11 05:14:19 UTC,2022-11-11 05:14:19 UTC,23,43
232,Tbs,1.0,Tbs,1.0,2022-11-11 05:14:19 UTC,2022-11-11 05:14:19 UTC,23,150
233,teaspoons,3.0,tsps,3.0,2022-11-11 05:14:19 UTC,2022-11-11 05:14:19 UTC,23,126
234,cup,1.0,ml,236.588,2022-11-11 05:14:19 UTC,2022-11-11 05:14:19 UTC,23,16
235,Tbs,1.0,Tbs,1.0,2022-11-11 05:14:19 UTC,2022-11-11 05:14:19 UTC,23,108
236,large,4.0,large,4.0,2022-11-11 05:14:20 UTC,2022-11-11 05:14:20 UTC,23,151
237,cups,2.0,ml,473.176,2022-11-11 05:14:20 UTC,2022-11-11 05:14:20 UTC,23,87
238,g,100.0,g,100.0,2022-11-11 05:14:20 UTC,2022-11-11 05:14:20 UTC,23,152
239,g,250.0,g,250.0,2022-11-11 05:14:20 UTC,2022-11-11 05:14:20 UTC,23,82
240,cups,1.5,ml,354.882,2022-11-11 05:14:20 UTC,2022-11-11 05:14:20 UTC,24,153
241,cups,1.5,ml,354.882,2022-11-11 05:14:20 UTC,2022-11-11 05:14:20 UTC,24,154
242,"",1.0,"",1.0,2022-11-11 05:14:20 UTC,2022-11-11 05:14:20 UTC,24,55
243,teaspoon,1.0,tsp,1.0,2022-11-11 05:14:20 UTC,2022-11-11 05:14:20 UTC,24,155
244,tablespoon,1.0,Tbsp,1.0,2022-11-11 05:14:20 UTC,2022-11-11 05:14:20 UTC,24,156
245,tablespoons,2.0,Tbsps,2.0,2022-11-11 05:14:20 UTC,2022-11-11 05:14:20 UTC,24,157
246,"",1.0,"",1.0,2022-11-11 05:14:21 UTC,2022-11-11 05:14:21 UTC,24,158
247,medium,1.0,medium,1.0,2022-11-11 05:14:21 UTC,2022-11-11 05:14:21 UTC,24,36
248,tablespoons,4.0,Tbsps,4.0,2022-11-11 05:14:21 UTC,2022-11-11 05:14:21 UTC,24,98
249,teaspoon,0.5,tsps,0.5,2022-11-11 05:14:21 UTC,2022-11-11 05:14:21 UTC,24,61
250,teaspoons,1.5,tsps,1.5,2022-11-11 05:14:21 UTC,2022-11-11 05:14:21 UTC,24,159
251,cup,1.0,ml,236.588,2022-11-11 05:14:21 UTC,2022-11-11 05:14:21 UTC,24,160
252,"",1.0,"",1.0,2022-11-11 05:14:21 UTC,2022-11-11 05:14:21 UTC,24,17
253,cups,1.5,ml,354.882,2022-11-11 05:14:21 UTC,2022-11-11 05:14:21 UTC,24,44
254,cup,0.25,ml,59.147,2022-11-11 05:14:21 UTC,2022-11-11 05:14:21 UTC,24,161
255,tablespoons,2.0,Tbsps,2.0,2022-11-11 05:14:21 UTC,2022-11-11 05:14:21 UTC,24,86
256,cup,1.0,ml,236.588,2022-11-11 05:14:21 UTC,2022-11-11 05:14:21 UTC,24,162
257,cups,3.0,ml,709.764,2022-11-11 05:14:21 UTC,2022-11-11 05:14:21 UTC,24,132
258,cup,1.0,ml,236.588,2022-11-11 05:14:21 UTC,2022-11-11 05:14:21 UTC,24,20
259,teaspoons,2.0,tsps,2.0,2022-11-11 05:14:21 UTC,2022-11-11 05:14:21 UTC,24,159
260,cup,0.5,ml,118.294,2022-11-11 05:14:21 UTC,2022-11-11 05:14:21 UTC,24,129
261,serving,1.0,serving,1.0,2022-11-11 05:14:21 UTC,2022-11-11 05:14:21 UTC,24,163
262,bag,1.0,bag,1.0,2022-11-11 05:14:22 UTC,2022-11-11 05:14:22 UTC,25,164
263,T,1.0,Tbsp,1.0,2022-11-11 05:14:22 UTC,2022-11-11 05:14:22 UTC,25,121
264,cloves,2.0,cloves,2.0,2022-11-11 05:14:22 UTC,2022-11-11 05:14:22 UTC,25,30
265,"",0.5,"",0.5,2022-11-11 05:14:22 UTC,2022-11-11 05:14:22 UTC,25,36
266,c,2.0,ml,473.176,2022-11-11 05:14:22 UTC,2022-11-11 05:14:22 UTC,25,165
267,box,1.0,box,1.0,2022-11-11 05:14:22 UTC,2022-11-11 05:14:22 UTC,25,166
268,cups,0.75,ml,177.441,2022-11-11 05:14:22 UTC,2022-11-11 05:14:22 UTC,26,87
269,cups,0.75,ml,177.441,2022-11-11 05:14:22 UTC,2022-11-11 05:14:22 UTC,26,167
270,Tablespoon,1.0,Tbsp,1.0,2022-11-11 05:14:22 UTC,2022-11-11 05:14:22 UTC,26,126
271,teaspoons,0.5,tsps,0.5,2022-11-11 05:14:22 UTC,2022-11-11 05:14:22 UTC,26,77
272,Tablespoon,1.0,Tbsp,1.0,2022-11-11 05:14:22 UTC,2022-11-11 05:14:22 UTC,26,168
273,ounces,4.0,g,113.398,2022-11-11 05:14:22 UTC,2022-11-11 05:14:22 UTC,26,48
274,Tablespoon,1.0,Tbsp,1.0,2022-11-11 05:14:22 UTC,2022-11-11 05:14:22 UTC,26,49
275,"",1.0,"",1.0,2022-11-11 05:14:22 UTC,2022-11-11 05:14:22 UTC,26,17
276,cup,1.0,ml,236.588,2022-11-11 05:14:22 UTC,2022-11-11 05:14:22 UTC,26,130
277,cups,0.25,ml,59.147,2022-11-11 05:14:22 UTC,2022-11-11 05:14:22 UTC,26,169
278,Tablespoons,0.75,Tbsps,0.75,2022-11-11 05:14:22 UTC,2022-11-11 05:14:22 UTC,26,16
279,cup,0.25,ml,59.147,2022-11-11 05:14:22 UTC,2022-11-11 05:14:22 UTC,27,170
280,oz,15.0,g,425.243,2022-11-11 05:14:23 UTC,2022-11-11 05:14:23 UTC,27,171
281,oz,15.0,g,425.243,2022-11-11 05:14:23 UTC,2022-11-11 05:14:23 UTC,27,172
282,tsp,0.25,tsps,0.25,2022-11-11 05:14:23 UTC,2022-11-11 05:14:23 UTC,27,106
283,Tbsp,0.5,Tbsps,0.5,2022-11-11 05:14:23 UTC,2022-11-11 05:14:23 UTC,27,25
284,tsp,1.5,tsps,1.5,2022-11-11 05:14:23 UTC,2022-11-11 05:14:23 UTC,27,33
285,lbs,2.0,g,907.185,2022-11-11 05:14:23 UTC,2022-11-11 05:14:23 UTC,27,173
286,cups,1.5,ml,354.882,2022-11-11 05:14:23 UTC,2022-11-11 05:14:23 UTC,27,36
287,tsp,0.5,tsps,0.5,2022-11-11 05:14:23 UTC,2022-11-11 05:14:23 UTC,27,174
288,tsp,1.0,tsp,1.0,2022-11-11 05:14:23 UTC,2022-11-11 05:14:23 UTC,27,50
289,oz,46.0,kgs,1.304,2022-11-11 05:14:23 UTC,2022-11-11 05:14:23 UTC,27,175
290,oz,12.0,g,340.194,2022-11-11 05:14:23 UTC,2022-11-11 05:14:23 UTC,27,116
291,cup,1.0,ml,236.588,2022-11-11 05:14:23 UTC,2022-11-11 05:14:23 UTC,27,132
292,tsp,0.5,tsps,0.5,2022-11-11 05:14:23 UTC,2022-11-11 05:14:23 UTC,27,82
293,teaspoon,1.0,tsp,1.0,2022-11-11 05:14:23 UTC,2022-11-11 05:14:23 UTC,28,50
294,ounce,15.0,g,425.243,2022-11-11 05:14:23 UTC,2022-11-11 05:14:23 UTC,28,176
295,teaspoon,0.25,tsps,0.25,2022-11-11 05:14:23 UTC,2022-11-11 05:14:23 UTC,28,106
296,teaspoon,0.25,tsps,0.25,2022-11-11 05:14:23 UTC,2022-11-11 05:14:23 UTC,28,70
297,cups,1.5,ml,354.882,2022-11-11 05:14:24 UTC,2022-11-11 05:14:24 UTC,28,177
298,"",3.0,"",3.0,2022-11-11 05:14:24 UTC,2022-11-11 05:14:24 UTC,28,178
299,teaspoon,0.25,tsps,0.25,2022-11-11 05:14:24 UTC,2022-11-11 05:14:24 UTC,28,179
300,teaspoon,0.25,tsps,0.25,2022-11-11 05:14:24 UTC,2022-11-11 05:14:24 UTC,28,180
301,"",1.0,"",1.0,2022-11-11 05:14:24 UTC,2022-11-11 05:14:24 UTC,28,181
302,servings,6.0,servings,6.0,2022-11-11 05:14:24 UTC,2022-11-11 05:14:24 UTC,28,49
303,cup,1.0,ml,236.588,2022-11-11 05:14:24 UTC,2022-11-11 05:14:24 UTC,28,98
304,cup,1.0,ml,236.588,2022-11-11 05:14:24 UTC,2022-11-11 05:14:24 UTC,28,182
305,small,1.0,small,1.0,2022-11-11 05:14:24 UTC,2022-11-11 05:14:24 UTC,28,183
306,servings,6.0,servings,6.0,2022-11-11 05:14:24 UTC,2022-11-11 05:14:24 UTC,28,77
307,teaspoon,0.5,tsps,0.5,2022-11-11 05:14:25 UTC,2022-11-11 05:14:25 UTC,28,184
308,cups,1.5,ml,354.882,2022-11-11 05:14:25 UTC,2022-11-11 05:14:25 UTC,28,166
309,tablespoons,4.0,Tbsps,4.0,2022-11-11 05:14:25 UTC,2022-11-11 05:14:25 UTC,29,49
310,"",5.0,"",5.0,2022-11-11 05:14:25 UTC,2022-11-11 05:14:25 UTC,29,185
311,tablespoons,3.0,Tbsps,3.0,2022-11-11 05:14:25 UTC,2022-11-11 05:14:25 UTC,29,16
312,large,2.0,large,2.0,2022-11-11 05:14:25 UTC,2022-11-11 05:14:25 UTC,29,93
313,pieces,3.0,"",3.0,2022-11-11 05:14:25 UTC,2022-11-11 05:14:25 UTC,29,186
314,cups,2.0,ml,473.176,2022-11-11 05:14:25 UTC,2022-11-11 05:14:25 UTC,29,187
315,cup,1.0,ml,236.588,2022-11-11 05:14:25 UTC,2022-11-11 05:14:25 UTC,29,117
316,oz,32.0,g,907.185,2022-11-11 05:14:25 UTC,2022-11-11 05:14:25 UTC,29,166
317,cup,1.0,ml,236.588,2022-11-11 05:14:25 UTC,2022-11-11 05:14:25 UTC,29,53
318,cups,1.5,ml,354.882,2022-11-11 05:14:25 UTC,2022-11-11 05:14:25 UTC,29,188
319,bunch,1.0,bunch,1.0,2022-11-11 05:14:25 UTC,2022-11-11 05:14:25 UTC,30,164
320,cup,0.5,ml,118.294,2022-11-11 05:14:25 UTC,2022-11-11 05:14:25 UTC,30,87
321,"",2.0,"",2.0,2022-11-11 05:14:25 UTC,2022-11-11 05:14:25 UTC,30,17
322,teaspoon,0.5,tsps,0.5,2022-11-11 05:14:25 UTC,2022-11-11 05:14:25 UTC,30,77
323,teaspoon,0.125,tsps,0.125,2022-11-11 05:14:25 UTC,2022-11-11 05:14:25 UTC,30,50
324,teaspoons,1.5,tsps,1.5,2022-11-11 05:14:25 UTC,2022-11-11 05:14:25 UTC,30,98
325,cup,0.5,ml,118.294,2022-11-11 05:14:25 UTC,2022-11-11 05:14:25 UTC,30,189
326,cup,0.75,ml,177.441,2022-11-11 05:14:25 UTC,2022-11-11 05:14:25 UTC,30,44
327,"",1.0,"",1.0,2022-11-11 05:14:25 UTC,2022-11-11 05:14:25 UTC,31,190
328,gallon,0.5,gallon,0.5,2022-11-11 05:14:26 UTC,2022-11-11 05:14:26 UTC,31,191
329,"",6.0,"",6.0,2022-11-11 05:14:26 UTC,2022-11-11 05:14:26 UTC,31,151
330,teaspoon,0.25,tsps,0.25,2022-11-11 05:14:26 UTC,2022-11-11 05:14:26 UTC,31,192
331,cup,0.5,ml,118.294,2022-11-11 05:14:26 UTC,2022-11-11 05:14:26 UTC,31,92
332,teaspoons,5.5,tsps,5.5,2022-11-11 05:14:26 UTC,2022-11-11 05:14:26 UTC,32,126
333,"",2.0,"",2.0,2022-11-11 05:14:26 UTC,2022-11-11 05:14:26 UTC,32,4
334,lb,0.25,g,113.398,2022-11-11 05:14:26 UTC,2022-11-11 05:14:26 UTC,32,16
335,t,4.0,tsps,4.0,2022-11-11 05:14:26 UTC,2022-11-11 05:14:26 UTC,32,74
336,t,0.5,tsps,0.5,2022-11-11 05:14:26 UTC,2022-11-11 05:14:26 UTC,32,70
337,ounces,8.0,g,226.796,2022-11-11 05:14:26 UTC,2022-11-11 05:14:26 UTC,32,193
338,"",3.0,"",3.0,2022-11-11 05:14:26 UTC,2022-11-11 05:14:26 UTC,32,17
339,cups,10.5,l,2.484,2022-11-11 05:14:26 UTC,2022-11-11 05:14:26 UTC,32,87
340,dash,1.0,dash,1.0,2022-11-11 05:14:26 UTC,2022-11-11 05:14:26 UTC,32,180
341,T,1.0,Tbsp,1.0,2022-11-11 05:14:26 UTC,2022-11-11 05:14:26 UTC,32,5
342,t,0.5,tsps,0.5,2022-11-11 05:14:26 UTC,2022-11-11 05:14:26 UTC,32,55
343,servings,4.0,servings,4.0,2022-11-11 05:14:26 UTC,2022-11-11 05:14:26 UTC,32,72
344,c,1.0,ml,236.588,2022-11-11 05:14:26 UTC,2022-11-11 05:14:26 UTC,32,20
345,teaspoon,0.5,tsps,0.5,2022-11-11 05:14:26 UTC,2022-11-11 05:14:26 UTC,32,77
346,slices,8.0,slice,8.0,2022-11-11 05:14:26 UTC,2022-11-11 05:14:26 UTC,32,194
347,tablespoons,3.5,Tbsps,3.5,2022-11-11 05:14:26 UTC,2022-11-11 05:14:26 UTC,33,195
348,cup,0.25,ml,59.147,2022-11-11 05:14:26 UTC,2022-11-11 05:14:26 UTC,33,195
349,cup,0.5,ml,118.294,2022-11-11 05:14:26 UTC,2022-11-11 05:14:26 UTC,33,145
350,ounces,8.0,g,226.796,2022-11-11 05:14:27 UTC,2022-11-11 05:14:27 UTC,33,196
351,sticks,2.0,sticks,2.0,2022-11-11 05:14:27 UTC,2022-11-11 05:14:27 UTC,33,16
352,ounces,16.0,g,453.592,2022-11-11 05:14:27 UTC,2022-11-11 05:14:27 UTC,33,141
353,cup,0.25,ml,59.147,2022-11-11 05:14:27 UTC,2022-11-11 05:14:27 UTC,33,197
354,cup,1.0,ml,236.588,2022-11-11 05:14:27 UTC,2022-11-11 05:14:27 UTC,33,87
355,tablespoons,3.0,Tbsps,3.0,2022-11-11 05:14:27 UTC,2022-11-11 05:14:27 UTC,33,55
356,teaspoon,0.5,tsps,0.5,2022-11-11 05:14:27 UTC,2022-11-11 05:14:27 UTC,33,198
357,tablespoons,3.0,Tbsps,3.0,2022-11-11 05:14:27 UTC,2022-11-11 05:14:27 UTC,33,199
358,cup,0.75,ml,177.441,2022-11-11 05:14:27 UTC,2022-11-11 05:14:27 UTC,33,200
359,ounces,27.2,g,771.107,2022-11-11 05:14:27 UTC,2022-11-11 05:14:27 UTC,34,138
360,cup,1.0,ml,236.588,2022-11-11 05:14:27 UTC,2022-11-11 05:14:27 UTC,34,88
361,cup,0.5,ml,118.294,2022-11-11 05:14:27 UTC,2022-11-11 05:14:27 UTC,34,82
362,large,6.0,large,6.0,2022-11-11 05:14:27 UTC,2022-11-11 05:14:27 UTC,34,201
363,cup,0.33333334,ml,78.863,2022-11-11 05:14:27 UTC,2022-11-11 05:14:27 UTC,35,87
364,teaspoon,0.5,tsps,0.5,2022-11-11 05:14:27 UTC,2022-11-11 05:14:27 UTC,35,126
365,cup,0.25,ml,59.147,2022-11-11 05:14:27 UTC,2022-11-11 05:14:27 UTC,35,202
366,large,2.0,large,2.0,2022-11-11 05:14:27 UTC,2022-11-11 05:14:27 UTC,35,17
367,teaspoon,0.125,tsps,0.125,2022-11-11 05:14:27 UTC,2022-11-11 05:14:27 UTC,35,143
368,teaspoon,0.125,tsps,0.125,2022-11-11 05:14:27 UTC,2022-11-11 05:14:27 UTC,35,77
369,teaspoon,0.5,tsps,0.5,2022-11-11 05:14:27 UTC,2022-11-11 05:14:27 UTC,35,23
370,large,1.0,large,1.0,2022-11-11 05:14:28 UTC,2022-11-11 05:14:28 UTC,36,203
371,cup,1.0,ml,236.588,2022-11-11 05:14:28 UTC,2022-11-11 05:14:28 UTC,36,176
372,medium,2.0,medium,2.0,2022-11-11 05:14:28 UTC,2022-11-11 05:14:28 UTC,36,131
373,serving,1.0,serving,1.0,2022-11-11 05:14:28 UTC,2022-11-11 05:14:28 UTC,36,49
374,"",1.0,"",1.0,2022-11-11 05:14:28 UTC,2022-11-11 05:14:28 UTC,36,93
375,large clove,1.0,large clove,1.0,2022-11-11 05:14:28 UTC,2022-11-11 05:14:28 UTC,36,30
376,t,1.0,tsp,1.0,2022-11-11 05:14:28 UTC,2022-11-11 05:14:28 UTC,36,134
377,t,0.5,tsps,0.5,2022-11-11 05:14:28 UTC,2022-11-11 05:14:28 UTC,36,204
378,cup,0.5,ml,118.294,2022-11-11 05:14:28 UTC,2022-11-11 05:14:28 UTC,36,205
379,T,2.0,Tbsps,2.0,2022-11-11 05:14:28 UTC,2022-11-11 05:14:28 UTC,36,206
380,t,1.0,tsp,1.0,2022-11-11 05:14:28 UTC,2022-11-11 05:14:28 UTC,36,105
381,t,1.0,tsp,1.0,2022-11-11 05:14:28 UTC,2022-11-11 05:14:28 UTC,36,33
382,Tbsp,1.0,Tbsp,1.0,2022-11-11 05:14:28 UTC,2022-11-11 05:14:28 UTC,36,16
383,"",1.0,"",1.0,2022-11-11 05:14:28 UTC,2022-11-11 05:14:28 UTC,36,34
384,serving,1.0,serving,1.0,2022-11-11 05:14:28 UTC,2022-11-11 05:14:28 UTC,36,56
385,slices,6.0,slice,6.0,2022-11-11 05:14:28 UTC,2022-11-11 05:14:28 UTC,37,207
386,"",2.0,"",2.0,2022-11-11 05:14:28 UTC,2022-11-11 05:14:28 UTC,37,17
387,cup,0.25,ml,59.147,2022-11-11 05:14:28 UTC,2022-11-11 05:14:28 UTC,37,87
388,teaspoons,2.0,tsps,2.0,2022-11-11 05:14:28 UTC,2022-11-11 05:14:28 UTC,37,115
389,servings,6.0,servings,6.0,2022-11-11 05:14:28 UTC,2022-11-11 05:14:28 UTC,37,159
390,teaspoon,1.0,tsp,1.0,2022-11-11 05:14:28 UTC,2022-11-11 05:14:28 UTC,37,49
391,cup,1.0,ml,236.588,2022-11-11 05:14:28 UTC,2022-11-11 05:14:28 UTC,37,160
392,"",6.0,"",6.0,2022-11-11 05:14:28 UTC,2022-11-11 05:14:28 UTC,37,208
393,slices,12.0,slice,12.0,2022-11-11 05:14:29 UTC,2022-11-11 05:14:29 UTC,37,209
394,tsps,2.0,tsps,2.0,2022-11-11 05:14:29 UTC,2022-11-11 05:14:29 UTC,37,132
395,"",4.0,"",4.0,2022-11-11 05:14:29 UTC,2022-11-11 05:14:29 UTC,38,210
396,cups,2.0,ml,473.176,2022-11-11 05:14:29 UTC,2022-11-11 05:14:29 UTC,38,211
397,oz,10.0,g,283.495,2022-11-11 05:14:29 UTC,2022-11-11 05:14:29 UTC,38,212
398,oz,10.0,g,283.495,2022-11-11 05:14:29 UTC,2022-11-11 05:14:29 UTC,38,213
399,"",1.0,"",1.0,2022-11-11 05:14:29 UTC,2022-11-11 05:14:29 UTC,38,36
400,cup,1.0,ml,236.588,2022-11-11 05:14:29 UTC,2022-11-11 05:14:29 UTC,38,214
401,cup,1.0,ml,236.588,2022-11-11 05:14:29 UTC,2022-11-11 05:14:29 UTC,38,38
402,cups,2.0,ml,473.176,2022-11-11 05:14:30 UTC,2022-11-11 05:14:30 UTC,38,215
403,cup,0.75,ml,177.441,2022-11-11 05:14:30 UTC,2022-11-11 05:14:30 UTC,39,216
404,T,2.0,Tbsps,2.0,2022-11-11 05:14:30 UTC,2022-11-11 05:14:30 UTC,39,217
405,"",1.0,"",1.0,2022-11-11 05:14:30 UTC,2022-11-11 05:14:30 UTC,39,19
406,"",6.0,"",6.0,2022-11-11 05:14:30 UTC,2022-11-11 05:14:30 UTC,39,17
407,cup,0.33333334,ml,78.863,2022-11-11 05:14:30 UTC,2022-11-11 05:14:30 UTC,39,218
408,serving,1.0,serving,1.0,2022-11-11 05:14:30 UTC,2022-11-11 05:14:30 UTC,39,56
409,cup,0.5,ml,118.294,2022-11-11 05:14:30 UTC,2022-11-11 05:14:30 UTC,39,215
410,cup,0.33333334,ml,78.863,2022-11-11 05:14:30 UTC,2022-11-11 05:14:30 UTC,39,135
411,small,6.0,small,6.0,2022-11-11 05:14:30 UTC,2022-11-11 05:14:30 UTC,40,57
412,cups,1.5,ml,354.882,2022-11-11 05:14:30 UTC,2022-11-11 05:14:30 UTC,40,46
413,cup,1.0,ml,236.588,2022-11-11 05:14:30 UTC,2022-11-11 05:14:30 UTC,40,219
414,cups,3.0,ml,709.764,2022-11-11 05:14:30 UTC,2022-11-11 05:14:30 UTC,40,220
415,cup,0.33333334,ml,78.863,2022-11-11 05:14:30 UTC,2022-11-11 05:14:30 UTC,40,221
416,"",0.5,"",0.5,2022-11-11 05:14:30 UTC,2022-11-11 05:14:30 UTC,40,127
417,Tbsp,1.0,Tbsp,1.0,2022-11-11 05:14:31 UTC,2022-11-11 05:14:31 UTC,40,222
418,tsp,0.5,tsps,0.5,2022-11-11 05:14:31 UTC,2022-11-11 05:14:31 UTC,40,223
419,cup,1.0,ml,236.588,2022-11-11 05:14:31 UTC,2022-11-11 05:14:31 UTC,41,86
420,cup,1.0,ml,236.588,2022-11-11 05:14:31 UTC,2022-11-11 05:14:31 UTC,41,82
421,cup,1.0,ml,236.588,2022-11-11 05:14:31 UTC,2022-11-11 05:14:31 UTC,41,13
422,c,0.25,ml,59.147,2022-11-11 05:14:31 UTC,2022-11-11 05:14:31 UTC,41,224
423,"",2.0,"",2.0,2022-11-11 05:14:31 UTC,2022-11-11 05:14:31 UTC,41,17
424,tsp,1.0,tsp,1.0,2022-11-11 05:14:31 UTC,2022-11-11 05:14:31 UTC,41,23
425,cups,2.75,ml,650.617,2022-11-11 05:14:31 UTC,2022-11-11 05:14:31 UTC,41,87
426,teaspoon,1.0,tsp,1.0,2022-11-11 05:14:31 UTC,2022-11-11 05:14:31 UTC,41,126
427,teaspoon,0.5,tsps,0.5,2022-11-11 05:14:31 UTC,2022-11-11 05:14:31 UTC,41,77
428,teaspoons,1.5,tsps,1.5,2022-11-11 05:14:31 UTC,2022-11-11 05:14:31 UTC,41,69
429,serving,1.0,serving,1.0,2022-11-11 05:14:31 UTC,2022-11-11 05:14:31 UTC,41,82
430,cups,1.0,ml,236.588,2022-11-11 05:14:31 UTC,2022-11-11 05:14:31 UTC,41,225
431,teaspoon,1.0,tsp,1.0,2022-11-11 05:14:31 UTC,2022-11-11 05:14:31 UTC,42,16
432,tablespoons,2.0,Tbsps,2.0,2022-11-11 05:14:31 UTC,2022-11-11 05:14:31 UTC,42,226
433,large,1.0,large,1.0,2022-11-11 05:14:31 UTC,2022-11-11 05:14:31 UTC,42,17
434,cup,1.0,ml,236.588,2022-11-11 05:14:31 UTC,2022-11-11 05:14:31 UTC,42,87
435,"",2.0,"",2.0,2022-11-11 05:14:31 UTC,2022-11-11 05:14:31 UTC,42,112
436,g,50.0,g,50.0,2022-11-11 05:14:31 UTC,2022-11-11 05:14:31 UTC,42,145
437,teaspoon,0.5,tsps,0.5,2022-11-11 05:14:31 UTC,2022-11-11 05:14:31 UTC,42,22
438,null,1.0,null,1.0,2022-11-11 05:14:31 UTC,2022-11-11 05:14:31 UTC,42,55
439,g,225.0,g,225.0,2022-11-11 05:14:31 UTC,2022-11-11 05:14:31 UTC,42,227
440,g,50.0,g,50.0,2022-11-11 05:14:31 UTC,2022-11-11 05:14:31 UTC,42,78
441,pinch,1.0,pinch,1.0,2022-11-11 05:14:31 UTC,2022-11-11 05:14:31 UTC,42,58
442,cup,0.5,ml,118.294,2022-11-11 05:14:32 UTC,2022-11-11 05:14:32 UTC,42,82
443,teaspoon,0.5,tsps,0.5,2022-11-11 05:14:32 UTC,2022-11-11 05:14:32 UTC,42,23
444,g,250.0,g,250.0,2022-11-11 05:14:32 UTC,2022-11-11 05:14:32 UTC,43,228
445,g,400.0,g,400.0,2022-11-11 05:14:32 UTC,2022-11-11 05:14:32 UTC,43,94
446,Tbs,0.5,Tbs,0.5,2022-11-11 05:14:32 UTC,2022-11-11 05:14:32 UTC,43,16
447,"",0.5,"",0.5,2022-11-11 05:14:32 UTC,2022-11-11 05:14:32 UTC,43,36
448,g,250.0,g,250.0,2022-11-11 05:14:32 UTC,2022-11-11 05:14:32 UTC,43,229
449,g,50.0,g,50.0,2022-11-11 05:14:32 UTC,2022-11-11 05:14:32 UTC,43,140
450,tsp,0.25,tsps,0.25,2022-11-11 05:14:32 UTC,2022-11-11 05:14:32 UTC,43,50
451,serving,1.0,serving,1.0,2022-11-11 05:14:32 UTC,2022-11-11 05:14:32 UTC,43,217
452,Tbs,2.0,Tbs,2.0,2022-11-11 05:14:32 UTC,2022-11-11 05:14:32 UTC,43,44
453,Tbs,2.0,Tbs,2.0,2022-11-11 05:14:32 UTC,2022-11-11 05:14:32 UTC,43,53
454,Tbs,2.0,Tbs,2.0,2022-11-11 05:14:32 UTC,2022-11-11 05:14:32 UTC,43,49
455,g,400.0,g,400.0,2022-11-11 05:14:32 UTC,2022-11-11 05:14:32 UTC,43,230
456,cloves,3.0,cloves,3.0,2022-11-11 05:14:32 UTC,2022-11-11 05:14:32 UTC,43,30
457,Tbs,2.0,Tbs,2.0,2022-11-11 05:14:32 UTC,2022-11-11 05:14:32 UTC,43,40
458,tsp,0.25,tsps,0.25,2022-11-11 05:14:32 UTC,2022-11-11 05:14:32 UTC,43,58
459,serving,1.0,serving,1.0,2022-11-11 05:14:32 UTC,2022-11-11 05:14:32 UTC,43,98
460,small,12.0,small,12.0,2022-11-11 05:14:32 UTC,2022-11-11 05:14:32 UTC,44,231
461,slices,4.0,slice,4.0,2022-11-11 05:14:32 UTC,2022-11-11 05:14:32 UTC,44,7
462,"",1.0,"",1.0,2022-11-11 05:14:32 UTC,2022-11-11 05:14:32 UTC,44,30
463,tablespoons,3.0,Tbsps,3.0,2022-11-11 05:14:32 UTC,2022-11-11 05:14:32 UTC,44,44
464,tablespoons,2.0,Tbsps,2.0,2022-11-11 05:14:32 UTC,2022-11-11 05:14:32 UTC,44,98
465,tablespoons,2.0,Tbsps,2.0,2022-11-11 05:14:32 UTC,2022-11-11 05:14:32 UTC,44,49
466,serving,1.0,serving,1.0,2022-11-11 05:14:32 UTC,2022-11-11 05:14:32 UTC,44,170
467,"",2.0,"",2.0,2022-11-11 05:14:32 UTC,2022-11-11 05:14:32 UTC,45,232
468,cups,2.0,ml,473.176,2022-11-11 05:14:32 UTC,2022-11-11 05:14:32 UTC,45,233
469,tablespoons,2.0,Tbsps,2.0,2022-11-11 05:14:32 UTC,2022-11-11 05:14:32 UTC,45,16
470,bunch,1.0,bunch,1.0,2022-11-11 05:14:32 UTC,2022-11-11 05:14:32 UTC,45,27
471,tablespoons,2.0,Tbsps,2.0,2022-11-11 05:14:33 UTC,2022-11-11 05:14:33 UTC,45,234
472,teaspoon,0.5,tsps,0.5,2022-11-11 05:14:33 UTC,2022-11-11 05:14:33 UTC,45,235
473,teaspoon,0.5,tsps,0.5,2022-11-11 05:14:33 UTC,2022-11-11 05:14:33 UTC,45,236
474,cloves,3.0,cloves,3.0,2022-11-11 05:14:33 UTC,2022-11-11 05:14:33 UTC,45,30
475,teaspoon,1.0,tsp,1.0,2022-11-11 05:14:33 UTC,2022-11-11 05:14:33 UTC,45,15
476,pounds,5.5,kgs,2.495,2022-11-11 05:14:33 UTC,2022-11-11 05:14:33 UTC,45,237
477,ounces,6.0,g,170.097,2022-11-11 05:14:33 UTC,2022-11-11 05:14:33 UTC,45,94
478,tablespoons,2.0,Tbsps,2.0,2022-11-11 05:14:33 UTC,2022-11-11 05:14:33 UTC,45,49
479,"",1.0,"",1.0,2022-11-11 05:14:33 UTC,2022-11-11 05:14:33 UTC,45,36
480,tablespoon,1.0,Tbsp,1.0,2022-11-11 05:14:33 UTC,2022-11-11 05:14:33 UTC,45,174
481,cup,0.5,ml,118.294,2022-11-11 05:14:33 UTC,2022-11-11 05:14:33 UTC,45,238
482,tablespoon,1.0,Tbsp,1.0,2022-11-11 05:14:33 UTC,2022-11-11 05:14:33 UTC,45,128
483,teaspoon,0.5,tsps,0.5,2022-11-11 05:14:33 UTC,2022-11-11 05:14:33 UTC,45,77
484,can,1.0,can,1.0,2022-11-11 05:14:33 UTC,2022-11-11 05:14:33 UTC,45,116
485,cups,2.0,ml,473.176,2022-11-11 05:14:33 UTC,2022-11-11 05:14:33 UTC,46,239
486,small,6.0,small,6.0,2022-11-11 05:14:33 UTC,2022-11-11 05:14:33 UTC,46,28
487,can,0.33333334,can,0.333,2022-11-11 05:14:34 UTC,2022-11-11 05:14:34 UTC,46,240
488,small,1.0,small,1.0,2022-11-11 05:14:34 UTC,2022-11-11 05:14:34 UTC,46,135
489,"",1.0,"",1.0,2022-11-11 05:14:34 UTC,2022-11-11 05:14:34 UTC,46,158
490,servings,3.0,servings,3.0,2022-11-11 05:14:34 UTC,2022-11-11 05:14:34 UTC,46,241
491,servings,3.0,servings,3.0,2022-11-11 05:14:34 UTC,2022-11-11 05:14:34 UTC,46,242
492,"",1.0,"",1.0,2022-11-11 05:14:34 UTC,2022-11-11 05:14:34 UTC,46,243
493,teaspoons,6.0,tsps,6.0,2022-11-11 05:14:34 UTC,2022-11-11 05:14:34 UTC,46,244
494,servings,3.0,servings,3.0,2022-11-11 05:14:34 UTC,2022-11-11 05:14:34 UTC,46,38
495,cup,0.25,ml,59.147,2022-11-11 05:14:34 UTC,2022-11-11 05:14:34 UTC,47,87
496,cup,0.75,ml,177.441,2022-11-11 05:14:34 UTC,2022-11-11 05:14:34 UTC,47,87
497,"",3.0,"",3.0,2022-11-11 05:14:34 UTC,2022-11-11 05:14:34 UTC,47,17
498,cup,0.5,ml,118.294,2022-11-11 05:14:34 UTC,2022-11-11 05:14:34 UTC,47,55
499,tsp,2.0,tsps,2.0,2022-11-11 05:14:34 UTC,2022-11-11 05:14:34 UTC,47,143
500,Tbsp,3.0,Tbsps,3.0,2022-11-11 05:14:34 UTC,2022-11-11 05:14:34 UTC,47,245
501,cup,0.33333334,ml,78.863,2022-11-11 05:14:34 UTC,2022-11-11 05:14:34 UTC,47,92
502,tsp,0.25,tsps,0.25,2022-11-11 05:14:34 UTC,2022-11-11 05:14:34 UTC,47,77
503,cup,1.0,ml,236.588,2022-11-11 05:14:34 UTC,2022-11-11 05:14:34 UTC,47,82
504,tbsp,6.0,Tbsps,6.0,2022-11-11 05:14:34 UTC,2022-11-11 05:14:34 UTC,47,86
505,"",1.0,"",1.0,2022-11-11 05:14:34 UTC,2022-11-11 05:14:34 UTC,48,17
506,cup,1.0,ml,236.588,2022-11-11 05:14:34 UTC,2022-11-11 05:14:34 UTC,48,87
507,cups,2.0,ml,473.176,2022-11-11 05:14:34 UTC,2022-11-11 05:14:34 UTC,48,20
508,quarts,2.0,l,1.893,2022-11-11 05:14:34 UTC,2022-11-11 05:14:34 UTC,48,74
509,cup,0.5,ml,118.294,2022-11-11 05:14:34 UTC,2022-11-11 05:14:34 UTC,48,92
510,teaspoon,1.0,tsp,1.0,2022-11-11 05:14:34 UTC,2022-11-11 05:14:34 UTC,48,77
511,cup,0.25,ml,59.147,2022-11-11 05:14:34 UTC,2022-11-11 05:14:34 UTC,48,246
512,cup,0.5,ml,118.294,2022-11-11 05:14:34 UTC,2022-11-11 05:14:34 UTC,48,82
513,teaspoon,1.0,tsp,1.0,2022-11-11 05:14:34 UTC,2022-11-11 05:14:34 UTC,48,23
514,cup,0.25,ml,59.147,2022-11-11 05:14:34 UTC,2022-11-11 05:14:34 UTC,48,132
515,cup,1.0,ml,236.588,2022-11-11 05:14:35 UTC,2022-11-11 05:14:35 UTC,48,132
516,package,1.0,pkg,1.0,2022-11-11 05:14:35 UTC,2022-11-11 05:14:35 UTC,48,247
517,cup,0.25,ml,59.147,2022-11-11 05:14:35 UTC,2022-11-11 05:14:35 UTC,49,16
518,cups,1.5,ml,354.882,2022-11-11 05:14:35 UTC,2022-11-11 05:14:35 UTC,49,19
519,cup,1.0,ml,236.588,2022-11-11 05:14:35 UTC,2022-11-11 05:14:35 UTC,49,53
520,pounds,2.0,g,907.185,2022-11-11 05:14:35 UTC,2022-11-11 05:14:35 UTC,49,232
521,teaspoon,0.25,tsps,0.25,2022-11-11 05:14:35 UTC,2022-11-11 05:14:35 UTC,49,56
522,tablespoons,4.0,Tbsps,4.0,2022-11-11 05:14:35 UTC,2022-11-11 05:14:35 UTC,50,16
523,large,3.0,large,3.0,2022-11-11 05:14:35 UTC,2022-11-11 05:14:35 UTC,50,17
524,cups,1.5,ml,354.882,2022-11-11 05:14:35 UTC,2022-11-11 05:14:35 UTC,50,87
525,cup,0.25,ml,59.147,2022-11-11 05:14:35 UTC,2022-11-11 05:14:35 UTC,50,55
526,tablespoon,0.5,Tbsps,0.5,2022-11-11 05:14:35 UTC,2022-11-11 05:14:35 UTC,50,143
527,cup,0.75,ml,177.441,2022-11-11 05:14:35 UTC,2022-11-11 05:14:35 UTC,50,20
528,pinch,1.0,pinch,1.0,2022-11-11 05:14:35 UTC,2022-11-11 05:14:35 UTC,50,77
529,tablespoon,1.0,Tbsp,1.0,2022-11-11 05:14:35 UTC,2022-11-11 05:14:35 UTC,50,82
530,cup,0.5,ml,118.294,2022-11-11 05:14:35 UTC,2022-11-11 05:14:35 UTC,50,86
531,cup,0.75,ml,177.441,2022-11-11 05:14:35 UTC,2022-11-11 05:14:35 UTC,50,132
532,cup,0.25,ml,59.147,2022-11-11 05:14:35 UTC,2022-11-11 05:14:35 UTC,50,82
533,oz,6.0,g,170.097,2022-11-11 05:14:35 UTC,2022-11-11 05:14:35 UTC,51,94
534,large,1.0,large,1.0,2022-11-11 05:14:35 UTC,2022-11-11 05:14:35 UTC,51,208
535,large cloves,2.0,large cloves,2.0,2022-11-11 05:14:35 UTC,2022-11-11 05:14:35 UTC,51,30
536,Tbs,2.0,Tbs,2.0,2022-11-11 05:14:35 UTC,2022-11-11 05:14:35 UTC,51,16
537,Tbs,1.0,Tbs,1.0,2022-11-11 05:14:35 UTC,2022-11-11 05:14:35 UTC,51,49
538,serving,1.0,serving,1.0,2022-11-11 05:14:35 UTC,2022-11-11 05:14:35 UTC,51,248
539,cups,2.0,ml,473.176,2022-11-11 05:14:35 UTC,2022-11-11 05:14:35 UTC,51,100
540,cup,0.25,ml,59.147,2022-11-11 05:14:35 UTC,2022-11-11 05:14:35 UTC,51,19
541,serving,1.0,serving,1.0,2022-11-11 05:14:35 UTC,2022-11-11 05:14:35 UTC,51,249
542,cup,1.0,ml,236.588,2022-11-11 05:14:35 UTC,2022-11-11 05:14:35 UTC,52,250
543,cup,1.0,ml,236.588,2022-11-11 05:14:35 UTC,2022-11-11 05:14:35 UTC,52,3
544,tablespoons,2.0,Tbsps,2.0,2022-11-11 05:14:35 UTC,2022-11-11 05:14:35 UTC,52,16
545,large,3.0,large,3.0,2022-11-11 05:14:35 UTC,2022-11-11 05:14:35 UTC,52,81
546,"",4.0,"",4.0,2022-11-11 05:14:35 UTC,2022-11-11 05:14:35 UTC,52,17
547,tablespoon,1.0,Tbsp,1.0,2022-11-11 05:14:35 UTC,2022-11-11 05:14:35 UTC,52,47
548,"",1.0,"",1.0,2022-11-11 05:14:35 UTC,2022-11-11 05:14:35 UTC,52,181
549,slices,2.0,slice,2.0,2022-11-11 05:14:35 UTC,2022-11-11 05:14:35 UTC,52,251
550,servings,2.0,servings,2.0,2022-11-11 05:14:35 UTC,2022-11-11 05:14:35 UTC,52,56
551,ounces,8.0,g,226.796,2022-11-11 05:14:35 UTC,2022-11-11 05:14:35 UTC,52,252
552,tablespoons,2.0,Tbsps,2.0,2022-11-11 05:14:35 UTC,2022-11-11 05:14:35 UTC,52,132
553,tsp,1.0,tsp,1.0,2022-11-11 05:14:36 UTC,2022-11-11 05:14:36 UTC,52,253
554,"",4.0,"",4.0,2022-11-11 05:14:36 UTC,2022-11-11 05:14:36 UTC,53,17
555,"",6.0,"",6.0,2022-11-11 05:14:36 UTC,2022-11-11 05:14:36 UTC,53,17
556,cup,1.0,ml,236.588,2022-11-11 05:14:36 UTC,2022-11-11 05:14:36 UTC,53,20
557,cup,0.33333334,ml,78.863,2022-11-11 05:14:36 UTC,2022-11-11 05:14:36 UTC,53,74
558,tsp,1.0,tsp,1.0,2022-11-11 05:14:36 UTC,2022-11-11 05:14:36 UTC,53,23
559,tablespoons,2.0,Tbsps,2.0,2022-11-11 05:14:36 UTC,2022-11-11 05:14:36 UTC,54,49
560,cup,1.0,ml,236.588,2022-11-11 05:14:36 UTC,2022-11-11 05:14:36 UTC,54,114
561,cup,1.0,ml,236.588,2022-11-11 05:14:36 UTC,2022-11-11 05:14:36 UTC,54,254
562,small,1.0,small,1.0,2022-11-11 05:14:36 UTC,2022-11-11 05:14:36 UTC,54,36
563,teaspoon,1.0,tsp,1.0,2022-11-11 05:14:36 UTC,2022-11-11 05:14:36 UTC,54,159
564,teaspoon,1.0,tsp,1.0,2022-11-11 05:14:36 UTC,2022-11-11 05:14:36 UTC,54,50
565,oz,12.5,g,354.369,2022-11-11 05:14:36 UTC,2022-11-11 05:14:36 UTC,54,255
566,oz,29.0,g,822.136,2022-11-11 05:14:36 UTC,2022-11-11 05:14:36 UTC,54,256
567,teaspoon,0.125,tsps,0.125,2022-11-11 05:14:36 UTC,2022-11-11 05:14:36 UTC,54,257
568,cup,1.0,ml,236.588,2022-11-11 05:14:36 UTC,2022-11-11 05:14:36 UTC,54,258
569,cup,1.0,ml,236.588,2022-11-11 05:14:36 UTC,2022-11-11 05:14:36 UTC,54,212
570,teaspoons,1.25,tsps,1.25,2022-11-11 05:14:36 UTC,2022-11-11 05:14:36 UTC,55,126
571,cup,0.6666667,ml,157.725,2022-11-11 05:14:36 UTC,2022-11-11 05:14:36 UTC,55,13
572,"",2.0,"",2.0,2022-11-11 05:14:36 UTC,2022-11-11 05:14:36 UTC,55,17
573,"",1.0,"",1.0,2022-11-11 05:14:36 UTC,2022-11-11 05:14:36 UTC,55,151
574,cups,1.5,ml,354.882,2022-11-11 05:14:36 UTC,2022-11-11 05:14:36 UTC,55,87
575,drops,3.0,drops,3.0,2022-11-11 05:14:37 UTC,2022-11-11 05:14:37 UTC,55,259
576,cup,0.75,ml,177.441,2022-11-11 05:14:37 UTC,2022-11-11 05:14:37 UTC,55,92
577,teaspoon,1.0,tsp,1.0,2022-11-11 05:14:37 UTC,2022-11-11 05:14:37 UTC,55,55
578,servings,8.0,servings,8.0,2022-11-11 05:14:37 UTC,2022-11-11 05:14:37 UTC,55,182
579,cup,0.5,ml,118.294,2022-11-11 05:14:37 UTC,2022-11-11 05:14:37 UTC,55,40
580,oz,4.0,g,113.398,2022-11-11 05:14:37 UTC,2022-11-11 05:14:37 UTC,55,86
581,cup,0.5,ml,118.294,2022-11-11 05:14:37 UTC,2022-11-11 05:14:37 UTC,56,43
582,pinch,1.0,pinch,1.0,2022-11-11 05:14:37 UTC,2022-11-11 05:14:37 UTC,56,106
583,ounces,8.0,g,226.796,2022-11-11 05:14:37 UTC,2022-11-11 05:14:37 UTC,56,260
584,teaspoon,0.5,tsps,0.5,2022-11-11 05:14:37 UTC,2022-11-11 05:14:37 UTC,56,58
585,teaspoon,0.5,tsps,0.5,2022-11-11 05:14:37 UTC,2022-11-11 05:14:37 UTC,56,253
586,"",2.0,"",2.0,2022-11-11 05:14:37 UTC,2022-11-11 05:14:37 UTC,57,2
587,"",2.0,"",2.0,2022-11-11 05:14:37 UTC,2022-11-11 05:14:37 UTC,57,17
588,cups,2.0,ml,473.176,2022-11-11 05:14:37 UTC,2022-11-11 05:14:37 UTC,57,261
589,strips,4.0,strips,4.0,2022-11-11 05:14:37 UTC,2022-11-11 05:14:37 UTC,57,66
590,serving,1.0,serving,1.0,2022-11-11 05:14:37 UTC,2022-11-11 05:14:37 UTC,57,157
591,serving,1.0,serving,1.0,2022-11-11 05:14:37 UTC,2022-11-11 05:14:37 UTC,57,56
592,pound,1.0,g,453.592,2022-11-11 05:14:37 UTC,2022-11-11 05:14:37 UTC,58,66
593,pint,1.0,pts,1.0,2022-11-11 05:14:37 UTC,2022-11-11 05:14:37 UTC,58,191
594,cup,0.25,ml,59.147,2022-11-11 05:14:37 UTC,2022-11-11 05:14:37 UTC,58,262
595,cup,0.25,ml,59.147,2022-11-11 05:14:37 UTC,2022-11-11 05:14:37 UTC,59,44
596,ounce,14.5,g,411.068,2022-11-11 05:14:37 UTC,2022-11-11 05:14:37 UTC,59,263
597,lb,2.0,g,907.185,2022-11-11 05:14:37 UTC,2022-11-11 05:14:37 UTC,59,264
598,cup,0.5,ml,118.294,2022-11-11 05:14:37 UTC,2022-11-11 05:14:37 UTC,59,27
599,teaspoon,0.25,tsps,0.25,2022-11-11 05:14:37 UTC,2022-11-11 05:14:37 UTC,59,70
600,teaspoon,1.0,tsp,1.0,2022-11-11 05:14:38 UTC,2022-11-11 05:14:38 UTC,59,265
601,servings,6.0,servings,6.0,2022-11-11 05:14:38 UTC,2022-11-11 05:14:38 UTC,59,266
602,tablespoons,2.0,Tbsps,2.0,2022-11-11 05:14:38 UTC,2022-11-11 05:14:38 UTC,59,87
603,tablespoon,1.0,Tbsp,1.0,2022-11-11 05:14:38 UTC,2022-11-11 05:14:38 UTC,59,15
604,teaspoons,1.5,tsps,1.5,2022-11-11 05:14:38 UTC,2022-11-11 05:14:38 UTC,59,30
605,teaspoon,0.5,tsps,0.5,2022-11-11 05:14:38 UTC,2022-11-11 05:14:38 UTC,59,267
606,teaspoon,0.5,tsps,0.5,2022-11-11 05:14:38 UTC,2022-11-11 05:14:38 UTC,59,33
607,pinches,2.0,pinches,2.0,2022-11-11 05:14:38 UTC,2022-11-11 05:14:38 UTC,59,180
608,teaspoon,1.0,tsp,1.0,2022-11-11 05:14:38 UTC,2022-11-11 05:14:38 UTC,59,159
609,tablespoons,2.0,Tbsps,2.0,2022-11-11 05:14:38 UTC,2022-11-11 05:14:38 UTC,59,268
610,tablespoons,5.0,Tbsps,5.0,2022-11-11 05:14:38 UTC,2022-11-11 05:14:38 UTC,59,93
611,tablespoons,2.0,Tbsps,2.0,2022-11-11 05:14:38 UTC,2022-11-11 05:14:38 UTC,59,86
612,g,600.0,g,600.0,2022-11-11 05:14:38 UTC,2022-11-11 05:14:38 UTC,60,269
613,Tablespoons,2.0,Tbsps,2.0,2022-11-11 05:14:38 UTC,2022-11-11 05:14:38 UTC,60,82
614,g,130.0,g,130.0,2022-11-11 05:14:38 UTC,2022-11-11 05:14:38 UTC,60,82
615,ml,5.0,ml,5.0,2022-11-11 05:14:38 UTC,2022-11-11 05:14:38 UTC,60,23
616,teaspoon,0.125,tsps,0.125,2022-11-11 05:14:38 UTC,2022-11-11 05:14:38 UTC,60,77
617,large,2.0,large,2.0,2022-11-11 05:14:38 UTC,2022-11-11 05:14:38 UTC,60,17
618,g,150.0,g,150.0,2022-11-11 05:14:38 UTC,2022-11-11 05:14:38 UTC,60,87
619,g,50.0,g,50.0,2022-11-11 05:14:38 UTC,2022-11-11 05:14:38 UTC,60,43
620,teaspoons,2.0,tsps,2.0,2022-11-11 05:14:38 UTC,2022-11-11 05:14:38 UTC,60,126
621,"",3.0,"",3.0,2022-11-11 05:14:38 UTC,2022-11-11 05:14:38 UTC,60,151
622,g,150.0,g,150.0,2022-11-11 05:14:38 UTC,2022-11-11 05:14:38 UTC,60,82
623,serving,1.0,serving,1.0,2022-11-11 05:14:38 UTC,2022-11-11 05:14:38 UTC,60,43
624,"",2.0,"",2.0,2022-11-11 05:14:38 UTC,2022-11-11 05:14:38 UTC,61,17
625,Tsp,0.5,tsps,0.5,2022-11-11 05:14:38 UTC,2022-11-11 05:14:38 UTC,61,134
626,Tsp,0.5,tsps,0.5,2022-11-11 05:14:38 UTC,2022-11-11 05:14:38 UTC,61,98
627,Tsp,1.0,tsp,1.0,2022-11-11 05:14:38 UTC,2022-11-11 05:14:38 UTC,61,49
628,Tbsp,1.0,Tbsp,1.0,2022-11-11 05:14:38 UTC,2022-11-11 05:14:38 UTC,61,169
629,tsp,0.25,tsps,0.25,2022-11-11 05:14:38 UTC,2022-11-11 05:14:38 UTC,62,270
630,cup,1.0,ml,236.588,2022-11-11 05:14:38 UTC,2022-11-11 05:14:38 UTC,62,13
631,stick,0.5,stick,0.5,2022-11-11 05:14:38 UTC,2022-11-11 05:14:38 UTC,62,16
632,tsp,1.0,tsp,1.0,2022-11-11 05:14:38 UTC,2022-11-11 05:14:38 UTC,62,70
633,cup,0.5,ml,118.294,2022-11-11 05:14:38 UTC,2022-11-11 05:14:38 UTC,62,82
634,tsp,0.25,tsps,0.25,2022-11-11 05:14:38 UTC,2022-11-11 05:14:38 UTC,62,271
635,tsp,1.0,tsp,1.0,2022-11-11 05:14:39 UTC,2022-11-11 05:14:39 UTC,62,272
636,tsp,0.25,tsps,0.25,2022-11-11 05:14:39 UTC,2022-11-11 05:14:39 UTC,62,180
637,cups,2.0,ml,473.176,2022-11-11 05:14:39 UTC,2022-11-11 05:14:39 UTC,62,262
638,cup,0.5,ml,118.294,2022-11-11 05:14:39 UTC,2022-11-11 05:14:39 UTC,62,132
639,teaspoon,0.5,tsps,0.5,2022-11-11 05:14:39 UTC,2022-11-11 05:14:39 UTC,63,126
640,teaspoon,0.5,tsps,0.5,2022-11-11 05:14:39 UTC,2022-11-11 05:14:39 UTC,63,69
641,"",2.0,"",2.0,2022-11-11 05:14:39 UTC,2022-11-11 05:14:39 UTC,63,4
642,cup,0.5,ml,118.294,2022-11-11 05:14:39 UTC,2022-11-11 05:14:39 UTC,63,13
643,Tbs,1.0,Tbs,1.0,2022-11-11 05:14:39 UTC,2022-11-11 05:14:39 UTC,63,16
644,cup,1.0,ml,236.588,2022-11-11 05:14:39 UTC,2022-11-11 05:14:39 UTC,63,273
645,teaspoon,0.5,tsps,0.5,2022-11-11 05:14:39 UTC,2022-11-11 05:14:39 UTC,63,70
646,cup,0.5,ml,118.294,2022-11-11 05:14:39 UTC,2022-11-11 05:14:39 UTC,63,274
647,"",1.0,"",1.0,2022-11-11 05:14:39 UTC,2022-11-11 05:14:39 UTC,63,17
648,cup,1.25,ml,295.735,2022-11-11 05:14:39 UTC,2022-11-11 05:14:39 UTC,63,87
649,cup,1.25,ml,295.735,2022-11-11 05:14:39 UTC,2022-11-11 05:14:39 UTC,63,82
650,teaspoon,0.5,tsps,0.5,2022-11-11 05:14:39 UTC,2022-11-11 05:14:39 UTC,63,77
651,teaspoon,1.0,tsp,1.0,2022-11-11 05:14:39 UTC,2022-11-11 05:14:39 UTC,63,23
652,g,30.0,g,30.0,2022-11-11 05:14:39 UTC,2022-11-11 05:14:39 UTC,64,16
653,"",3.0,"",3.0,2022-11-11 05:14:39 UTC,2022-11-11 05:14:39 UTC,64,17
654,g,30.0,g,30.0,2022-11-11 05:14:39 UTC,2022-11-11 05:14:39 UTC,64,87
655,g,7.0,g,7.0,2022-11-11 05:14:39 UTC,2022-11-11 05:14:39 UTC,64,180
656,"",1.0,"",1.0,2022-11-11 05:14:39 UTC,2022-11-11 05:14:39 UTC,64,125
657,g,150.0,g,150.0,2022-11-11 05:14:39 UTC,2022-11-11 05:14:39 UTC,64,269
658,dash,1.0,dash,1.0,2022-11-11 05:14:39 UTC,2022-11-11 05:14:39 UTC,64,77
659,Tbsp,5.0,Tbsps,5.0,2022-11-11 05:14:39 UTC,2022-11-11 05:14:39 UTC,65,16
660,Tbsp,5.0,Tbsps,5.0,2022-11-11 05:14:39 UTC,2022-11-11 05:14:39 UTC,65,87
661,small,2.0,small,2.0,2022-11-11 05:14:39 UTC,2022-11-11 05:14:39 UTC,65,275
662,small,2.0,small,2.0,2022-11-11 05:14:39 UTC,2022-11-11 05:14:39 UTC,65,276
663,small,1.0,small,1.0,2022-11-11 05:14:39 UTC,2022-11-11 05:14:39 UTC,65,42
664,"",4.0,"",4.0,2022-11-11 05:14:39 UTC,2022-11-11 05:14:39 UTC,65,30
665,Tbsp,1.0,Tbsp,1.0,2022-11-11 05:14:39 UTC,2022-11-11 05:14:39 UTC,65,277
666,Tbsp,2.0,Tbsps,2.0,2022-11-11 05:14:39 UTC,2022-11-11 05:14:39 UTC,65,116
667,Tbsp,1.5,Tbsps,1.5,2022-11-11 05:14:39 UTC,2022-11-11 05:14:39 UTC,65,253
668,Tbsp,1.0,Tbsp,1.0,2022-11-11 05:14:40 UTC,2022-11-11 05:14:40 UTC,65,278
669,cups,4.0,ml,946.352,2022-11-11 05:14:40 UTC,2022-11-11 05:14:40 UTC,65,256
670,lbs,1.5,g,680.389,2022-11-11 05:14:40 UTC,2022-11-11 05:14:40 UTC,65,153
671,Tbsp,1.0,Tbsp,1.0,2022-11-11 05:14:40 UTC,2022-11-11 05:14:40 UTC,65,16
672,servings,4.0,servings,4.0,2022-11-11 05:14:40 UTC,2022-11-11 05:14:40 UTC,65,178
673,servings,4.0,servings,4.0,2022-11-11 05:14:40 UTC,2022-11-11 05:14:40 UTC,65,135
674,servings,4.0,servings,4.0,2022-11-11 05:14:40 UTC,2022-11-11 05:14:40 UTC,65,214
675,c,3.0,ml,709.764,2022-11-11 05:14:40 UTC,2022-11-11 05:14:40 UTC,66,279
676,tsp,2.0,tsps,2.0,2022-11-11 05:14:40 UTC,2022-11-11 05:14:40 UTC,66,126
677,tsp,0.5,tsps,0.5,2022-11-11 05:14:40 UTC,2022-11-11 05:14:40 UTC,66,70
678,tsp,0.25,tsps,0.25,2022-11-11 05:14:40 UTC,2022-11-11 05:14:40 UTC,66,15
679,tsp,0.125,tsps,0.125,2022-11-11 05:14:40 UTC,2022-11-11 05:14:40 UTC,66,180
680,tsp,0.125,tsps,0.125,2022-11-11 05:14:40 UTC,2022-11-11 05:14:40 UTC,66,270
681,c,0.5,ml,118.294,2022-11-11 05:14:40 UTC,2022-11-11 05:14:40 UTC,66,82
682,c,0.5,ml,118.294,2022-11-11 05:14:40 UTC,2022-11-11 05:14:40 UTC,66,13
683,sticks,2.0,sticks,2.0,2022-11-11 05:14:40 UTC,2022-11-11 05:14:40 UTC,66,16
684,"",1.0,"",1.0,2022-11-11 05:14:40 UTC,2022-11-11 05:14:40 UTC,66,17
685,tsp,1.0,tsp,1.0,2022-11-11 05:14:40 UTC,2022-11-11 05:14:40 UTC,66,23
686,pound,1.0,g,453.592,2022-11-11 05:14:40 UTC,2022-11-11 05:14:40 UTC,67,153
687,cup,1.0,ml,236.588,2022-11-11 05:14:40 UTC,2022-11-11 05:14:40 UTC,67,280
688,cup,0.5,ml,118.294,2022-11-11 05:14:40 UTC,2022-11-11 05:14:40 UTC,67,114
689,cup,0.5,ml,118.294,2022-11-11 05:14:40 UTC,2022-11-11 05:14:40 UTC,67,281
690,"",2.0,"",2.0,2022-11-11 05:14:40 UTC,2022-11-11 05:14:40 UTC,67,178
691,tablespoons,2.0,Tbsps,2.0,2022-11-11 05:14:40 UTC,2022-11-11 05:14:40 UTC,67,157
692,tablespoons,2.0,Tbsps,2.0,2022-11-11 05:14:40 UTC,2022-11-11 05:14:40 UTC,67,282
693,teaspoon,0.25,tsps,0.25,2022-11-11 05:14:40 UTC,2022-11-11 05:14:40 UTC,67,77
694,teaspoon,0.25,tsps,0.25,2022-11-11 05:14:40 UTC,2022-11-11 05:14:40 UTC,67,50
695,drops,3.0,drops,3.0,2022-11-11 05:14:40 UTC,2022-11-11 05:14:40 UTC,67,283
696,pinch,1.0,pinch,1.0,2022-11-11 05:14:41 UTC,2022-11-11 05:14:41 UTC,67,284
697,tablespoon,1.0,Tbsp,1.0,2022-11-11 05:14:41 UTC,2022-11-11 05:14:41 UTC,67,148
698,cups,1.5,ml,354.882,2022-11-11 05:14:41 UTC,2022-11-11 05:14:41 UTC,68,141
699,tsp,1.0,tsp,1.0,2022-11-11 05:14:41 UTC,2022-11-11 05:14:41 UTC,68,108
700,cups,1.75,ml,414.029,2022-11-11 05:14:41 UTC,2022-11-11 05:14:41 UTC,68,19
701,tsp,1.0,tsp,1.0,2022-11-11 05:14:41 UTC,2022-11-11 05:14:41 UTC,68,55
702,cup,0.75,ml,177.441,2022-11-11 05:14:41 UTC,2022-11-11 05:14:41 UTC,68,20
703,pinch,1.0,pinch,1.0,2022-11-11 05:14:41 UTC,2022-11-11 05:14:41 UTC,68,77
704,cup,0.5,ml,118.294,2022-11-11 05:14:41 UTC,2022-11-11 05:14:41 UTC,68,82
705,g,600.0,g,600.0,2022-11-11 05:14:41 UTC,2022-11-11 05:14:41 UTC,69,285
706,"",1.0,"",1.0,2022-11-11 05:14:41 UTC,2022-11-11 05:14:41 UTC,69,36
707,"",1.0,"",1.0,2022-11-11 05:14:41 UTC,2022-11-11 05:14:41 UTC,69,286
708,tsp,1.0,tsp,1.0,2022-11-11 05:14:41 UTC,2022-11-11 05:14:41 UTC,69,33
709,tsp,1.0,tsp,1.0,2022-11-11 05:14:41 UTC,2022-11-11 05:14:41 UTC,69,271
710,leaves,1.0,leaf,1.0,2022-11-11 05:14:41 UTC,2022-11-11 05:14:41 UTC,69,27
711,tsp,1.0,tsp,1.0,2022-11-11 05:14:41 UTC,2022-11-11 05:14:41 UTC,69,32
712,"",1.0,"",1.0,2022-11-11 05:14:41 UTC,2022-11-11 05:14:41 UTC,69,17
713,tsp,0.5,tsps,0.5,2022-11-11 05:14:41 UTC,2022-11-11 05:14:41 UTC,69,58
714,g,250.0,g,250.0,2022-11-11 05:14:41 UTC,2022-11-11 05:14:41 UTC,69,51
715,Tbs,2.0,Tbs,2.0,2022-11-11 05:14:41 UTC,2022-11-11 05:14:41 UTC,69,49
716,Tbs,2.0,Tbs,2.0,2022-11-11 05:14:41 UTC,2022-11-11 05:14:41 UTC,69,287
717,g,480.0,g,480.0,2022-11-11 05:14:41 UTC,2022-11-11 05:14:41 UTC,69,135
718,ml,400.0,ml,400.0,2022-11-11 05:14:41 UTC,2022-11-11 05:14:41 UTC,69,288
719,tsp,0.25,tsps,0.25,2022-11-11 05:14:41 UTC,2022-11-11 05:14:41 UTC,69,70
720,"",10.0,"",10.0,2022-11-11 05:14:41 UTC,2022-11-11 05:14:41 UTC,69,289
721,cloves,3.0,cloves,3.0,2022-11-11 05:14:41 UTC,2022-11-11 05:14:41 UTC,69,30
722,tsp,0.5,tsps,0.5,2022-11-11 05:14:41 UTC,2022-11-11 05:14:41 UTC,69,77
723,tsp,1.0,tsp,1.0,2022-11-11 05:14:41 UTC,2022-11-11 05:14:41 UTC,69,290
724,tsp,0.5,tsps,0.5,2022-11-11 05:14:41 UTC,2022-11-11 05:14:41 UTC,69,33
725,teaspoons,1.5,tsps,1.5,2022-11-11 05:14:41 UTC,2022-11-11 05:14:41 UTC,70,126
726,teaspoons,1.5,tsps,1.5,2022-11-11 05:14:41 UTC,2022-11-11 05:14:41 UTC,70,69
727,large,3.0,large,3.0,2022-11-11 05:14:41 UTC,2022-11-11 05:14:41 UTC,70,4
728,cup,1.0,ml,236.588,2022-11-11 05:14:42 UTC,2022-11-11 05:14:42 UTC,70,291
729,"",2.0,"",2.0,2022-11-11 05:14:42 UTC,2022-11-11 05:14:42 UTC,70,17
730,cups,1.5,ml,354.882,2022-11-11 05:14:42 UTC,2022-11-11 05:14:42 UTC,70,87
731,"",1.0,"",1.0,2022-11-11 05:14:42 UTC,2022-11-11 05:14:42 UTC,70,292
732,cup,0.25,ml,59.147,2022-11-11 05:14:42 UTC,2022-11-11 05:14:42 UTC,70,20
733,teaspoon,0.125,tsps,0.125,2022-11-11 05:14:42 UTC,2022-11-11 05:14:42 UTC,70,77
734,cup,0.75,ml,177.441,2022-11-11 05:14:42 UTC,2022-11-11 05:14:42 UTC,70,82
735,teaspoon,1.0,tsp,1.0,2022-11-11 05:14:42 UTC,2022-11-11 05:14:42 UTC,70,23
736,tbsp,1.0,Tbsp,1.0,2022-11-11 05:14:42 UTC,2022-11-11 05:14:42 UTC,71,126
737,tbsp,5.0,Tbsps,5.0,2022-11-11 05:14:42 UTC,2022-11-11 05:14:42 UTC,71,16
738,cup,1.0,ml,236.588,2022-11-11 05:14:42 UTC,2022-11-11 05:14:42 UTC,71,293
739,cup,0.25,ml,59.147,2022-11-11 05:14:42 UTC,2022-11-11 05:14:42 UTC,71,294
740,cup,0.25,ml,59.147,2022-11-11 05:14:42 UTC,2022-11-11 05:14:42 UTC,71,295
741,cup,0.25,ml,59.147,2022-11-11 05:14:42 UTC,2022-11-11 05:14:42 UTC,71,97
742,cup,1.0,ml,236.588,2022-11-11 05:14:42 UTC,2022-11-11 05:14:42 UTC,71,87
743,cup,0.25,ml,59.147,2022-11-11 05:14:42 UTC,2022-11-11 05:14:42 UTC,71,19
744,tsp,0.5,tsps,0.5,2022-11-11 05:14:42 UTC,2022-11-11 05:14:42 UTC,71,77
745,tbsp,4.0,Tbsps,4.0,2022-11-11 05:14:42 UTC,2022-11-11 05:14:42 UTC,71,78
746,cup,0.75,ml,177.441,2022-11-11 05:14:42 UTC,2022-11-11 05:14:42 UTC,71,20
747,cups,1.25,ml,295.735,2022-11-11 05:14:42 UTC,2022-11-11 05:14:42 UTC,72,20
748,teaspoon,0.125,tsps,0.125,2022-11-11 05:14:42 UTC,2022-11-11 05:14:42 UTC,72,159
749,cup,0.5,ml,118.294,2022-11-11 05:14:42 UTC,2022-11-11 05:14:42 UTC,72,82
750,"",1.0,"",1.0,2022-11-11 05:14:42 UTC,2022-11-11 05:14:42 UTC,72,296
751,"",4.0,"",4.0,2022-11-11 05:14:42 UTC,2022-11-11 05:14:42 UTC,72,81
752,cups,2.0,ml,473.176,2022-11-11 05:14:42 UTC,2022-11-11 05:14:42 UTC,72,19
753,tablespoons,6.0,Tbsps,6.0,2022-11-11 05:14:42 UTC,2022-11-11 05:14:42 UTC,72,86
754,cup,0.25,ml,59.147,2022-11-11 05:14:42 UTC,2022-11-11 05:14:42 UTC,72,13
755,"",2.0,"",2.0,2022-11-11 05:14:42 UTC,2022-11-11 05:14:42 UTC,72,4
756,tablespoon,1.0,Tbsp,1.0,2022-11-11 05:14:42 UTC,2022-11-11 05:14:42 UTC,72,297
757,cup,0.25,ml,59.147,2022-11-11 05:14:43 UTC,2022-11-11 05:14:43 UTC,73,298
758,cup,0.25,ml,59.147,2022-11-11 05:14:43 UTC,2022-11-11 05:14:43 UTC,73,10
759,"",2.0,"",2.0,2022-11-11 05:14:43 UTC,2022-11-11 05:14:43 UTC,73,299
760,cup,0.25,ml,59.147,2022-11-11 05:14:43 UTC,2022-11-11 05:14:43 UTC,73,13
761,stick,0.25,stick,0.25,2022-11-11 05:14:43 UTC,2022-11-11 05:14:43 UTC,73,16
762,"",1.0,"",1.0,2022-11-11 05:14:43 UTC,2022-11-11 05:14:43 UTC,73,142
763,cup,0.5,ml,118.294,2022-11-11 05:14:43 UTC,2022-11-11 05:14:43 UTC,73,300
764,"",2.0,"",2.0,2022-11-11 05:14:43 UTC,2022-11-11 05:14:43 UTC,73,301
765,tsp,0.25,tsps,0.25,2022-11-11 05:14:43 UTC,2022-11-11 05:14:43 UTC,74,70
766,"",2.0,"",2.0,2022-11-11 05:14:43 UTC,2022-11-11 05:14:43 UTC,74,17
767,servings,2.0,servings,2.0,2022-11-11 05:14:43 UTC,2022-11-11 05:14:43 UTC,74,121
768,box,1.0,box,1.0,2022-11-11 05:14:43 UTC,2022-11-11 05:14:43 UTC,74,302
769,cups,1.5,ml,354.882,2022-11-11 05:14:43 UTC,2022-11-11 05:14:43 UTC,74,88
770,Tbsp,1.0,Tbsp,1.0,2022-11-11 05:14:43 UTC,2022-11-11 05:14:43 UTC,74,92
771,pinch,1.0,pinch,1.0,2022-11-11 05:14:43 UTC,2022-11-11 05:14:43 UTC,74,77
772,cup,0.5,ml,118.294,2022-11-11 05:14:43 UTC,2022-11-11 05:14:43 UTC,74,303
773,cup,0.33333334,ml,78.863,2022-11-11 05:14:43 UTC,2022-11-11 05:14:43 UTC,74,82
774,tsp,1.0,tsp,1.0,2022-11-11 05:14:43 UTC,2022-11-11 05:14:43 UTC,74,23
775,servings,2.0,servings,2.0,2022-11-11 05:14:44 UTC,2022-11-11 05:14:44 UTC,74,304
776,ml,200.0,ml,200.0,2022-11-11 05:14:44 UTC,2022-11-11 05:14:44 UTC,75,226
777,cup,0.25,ml,59.147,2022-11-11 05:14:44 UTC,2022-11-11 05:14:44 UTC,75,97
778,"",4.0,"",4.0,2022-11-11 05:14:44 UTC,2022-11-11 05:14:44 UTC,75,81
779,ml,300.0,ml,300.0,2022-11-11 05:14:44 UTC,2022-11-11 05:14:44 UTC,75,20
780,g,75.0,g,75.0,2022-11-11 05:14:44 UTC,2022-11-11 05:14:44 UTC,75,82
781,tsp,1.0,tsp,1.0,2022-11-11 05:14:44 UTC,2022-11-11 05:14:44 UTC,75,23
782,g,200.0,g,200.0,2022-11-11 05:14:44 UTC,2022-11-11 05:14:44 UTC,75,305
783,pounds,2.0,g,907.185,2022-11-11 05:14:44 UTC,2022-11-11 05:14:44 UTC,76,255
784,cup,0.75,ml,177.441,2022-11-11 05:14:44 UTC,2022-11-11 05:14:44 UTC,76,87
785,teaspoons,2.0,tsps,2.0,2022-11-11 05:14:44 UTC,2022-11-11 05:14:44 UTC,76,77
786,teaspoon,1.0,tsp,1.0,2022-11-11 05:14:44 UTC,2022-11-11 05:14:44 UTC,76,37
787,teaspoon,1.0,tsp,1.0,2022-11-11 05:14:44 UTC,2022-11-11 05:14:44 UTC,76,50
788,cup,1.0,ml,236.588,2022-11-11 05:14:44 UTC,2022-11-11 05:14:44 UTC,76,124
789,"",2.0,"",2.0,2022-11-11 05:14:45 UTC,2022-11-11 05:14:45 UTC,77,306
790,"",2.0,"",2.0,2022-11-11 05:14:45 UTC,2022-11-11 05:14:45 UTC,77,36
791,tsp,1.0,tsp,1.0,2022-11-11 05:14:45 UTC,2022-11-11 05:14:45 UTC,77,307
792,"",2.0,"",2.0,2022-11-11 05:14:45 UTC,2022-11-11 05:14:45 UTC,77,308
793,"",2.0,"",2.0,2022-11-11 05:14:45 UTC,2022-11-11 05:14:45 UTC,77,170
794,serving,1.0,serving,1.0,2022-11-11 05:14:45 UTC,2022-11-11 05:14:45 UTC,77,157
795,serving,1.0,serving,1.0,2022-11-11 05:14:45 UTC,2022-11-11 05:14:45 UTC,77,155
796,"",4.0,"",4.0,2022-11-11 05:14:46 UTC,2022-11-11 05:14:46 UTC,77,309
797,large,1.0,large,1.0,2022-11-11 05:14:46 UTC,2022-11-11 05:14:46 UTC,78,17
798,tbsp,1.0,Tbsp,1.0,2022-11-11 05:14:46 UTC,2022-11-11 05:14:46 UTC,78,20
799,cup,0.33333334,ml,78.863,2022-11-11 05:14:46 UTC,2022-11-11 05:14:46 UTC,78,310
800,tsp,1.0,tsp,1.0,2022-11-11 05:14:46 UTC,2022-11-11 05:14:46 UTC,78,25
801,tsp,0.5,tsps,0.5,2022-11-11 05:14:46 UTC,2022-11-11 05:14:46 UTC,78,106
802,tsp,0.5,tsps,0.5,2022-11-11 05:14:46 UTC,2022-11-11 05:14:46 UTC,78,105
803,tsp,0.5,tsps,0.5,2022-11-11 05:14:46 UTC,2022-11-11 05:14:46 UTC,78,311
804,oz,20.0,g,566.99,2022-11-11 05:14:46 UTC,2022-11-11 05:14:46 UTC,78,312
805,tbsp,3.0,Tbsps,3.0,2022-11-11 05:14:46 UTC,2022-11-11 05:14:46 UTC,78,49
806,serving,1.0,serving,1.0,2022-11-11 05:14:46 UTC,2022-11-11 05:14:46 UTC,78,58
807,serving,1.0,serving,1.0,2022-11-11 05:14:46 UTC,2022-11-11 05:14:46 UTC,78,170
808,cup,0.75,ml,177.441,2022-11-11 05:14:46 UTC,2022-11-11 05:14:46 UTC,78,313
809,tbsp,2.0,Tbsps,2.0,2022-11-11 05:14:46 UTC,2022-11-11 05:14:46 UTC,78,314
810,tbsp,1.0,Tbsp,1.0,2022-11-11 05:14:46 UTC,2022-11-11 05:14:46 UTC,78,158
811,tbsp,1.0,Tbsp,1.0,2022-11-11 05:14:46 UTC,2022-11-11 05:14:46 UTC,78,178
812,tsp,1.0,tsp,1.0,2022-11-11 05:14:46 UTC,2022-11-11 05:14:46 UTC,78,315
813,tsp,1.0,tsp,1.0,2022-11-11 05:14:46 UTC,2022-11-11 05:14:46 UTC,78,55
814,"",0.5,"",0.5,2022-11-11 05:14:46 UTC,2022-11-11 05:14:46 UTC,79,2
815,"",5.0,"",5.0,2022-11-11 05:14:46 UTC,2022-11-11 05:14:46 UTC,79,57
816,small handful,1.0,small handful,1.0,2022-11-11 05:14:46 UTC,2022-11-11 05:14:46 UTC,79,280
817,"",1.0,"",1.0,2022-11-11 05:14:46 UTC,2022-11-11 05:14:46 UTC,79,55
818,cup,0.5,ml,118.294,2022-11-11 05:14:47 UTC,2022-11-11 05:14:47 UTC,79,316
819,cup,0.5,ml,118.294,2022-11-11 05:14:47 UTC,2022-11-11 05:14:47 UTC,79,317
820,cup,0.25,ml,59.147,2022-11-11 05:14:47 UTC,2022-11-11 05:14:47 UTC,79,127
821,servings,3.0,servings,3.0,2022-11-11 05:14:47 UTC,2022-11-11 05:14:47 UTC,79,56
822,"",4.0,"",4.0,2022-11-11 05:14:47 UTC,2022-11-11 05:14:47 UTC,79,178
823,pound,1.0,g,453.592,2022-11-11 05:14:47 UTC,2022-11-11 05:14:47 UTC,80,208
824,"",12.0,"",12.0,2022-11-11 05:14:47 UTC,2022-11-11 05:14:47 UTC,80,289
825,cup,0.5,ml,118.294,2022-11-11 05:14:47 UTC,2022-11-11 05:14:47 UTC,80,74
826,quart,1.0,ml,946.353,2022-11-11 05:14:47 UTC,2022-11-11 05:14:47 UTC,80,124
827,tablespoons,2.0,Tbsps,2.0,2022-11-11 05:14:47 UTC,2022-11-11 05:14:47 UTC,80,87
828,medium,1.0,medium,1.0,2022-11-11 05:14:47 UTC,2022-11-11 05:14:47 UTC,80,318
829,"",12.0,"",12.0,2022-11-11 05:14:47 UTC,2022-11-11 05:14:47 UTC,80,28
830,cup,1.0,ml,236.588,2022-11-11 05:14:47 UTC,2022-11-11 05:14:47 UTC,80,189
831,"",0.25,"",0.25,2022-11-11 05:14:47 UTC,2022-11-11 05:14:47 UTC,80,319
832,cup,0.5,ml,118.294,2022-11-11 05:14:47 UTC,2022-11-11 05:14:47 UTC,80,320
833,serving,1.0,serving,1.0,2022-11-11 05:14:47 UTC,2022-11-11 05:14:47 UTC,80,77
834,serving,1.0,serving,1.0,2022-11-11 05:14:47 UTC,2022-11-11 05:14:47 UTC,80,132
835,c,0.6666667,ml,157.725,2022-11-11 05:14:47 UTC,2022-11-11 05:14:47 UTC,81,321
836,T,2.0,Tbsps,2.0,2022-11-11 05:14:47 UTC,2022-11-11 05:14:47 UTC,81,217
837,c,1.0,ml,236.588,2022-11-11 05:14:47 UTC,2022-11-11 05:14:47 UTC,81,317
838,servings,2.0,servings,2.0,2022-11-11 05:14:47 UTC,2022-11-11 05:14:47 UTC,81,77
839,"",3.0,"",3.0,2022-11-11 05:14:47 UTC,2022-11-11 05:14:47 UTC,82,210
840,tablespoons,4.0,Tbsps,4.0,2022-11-11 05:14:47 UTC,2022-11-11 05:14:47 UTC,82,322
841,large,1.0,large,1.0,2022-11-11 05:14:47 UTC,2022-11-11 05:14:47 UTC,82,36
842,cloves,2.0,cloves,2.0,2022-11-11 05:14:47 UTC,2022-11-11 05:14:47 UTC,82,30
843,teaspoon,1.0,tsp,1.0,2022-11-11 05:14:47 UTC,2022-11-11 05:14:47 UTC,82,236
844,teaspoon,1.0,tsp,1.0,2022-11-11 05:14:47 UTC,2022-11-11 05:14:47 UTC,82,33
845,teaspoon,1.0,tsp,1.0,2022-11-11 05:14:48 UTC,2022-11-11 05:14:48 UTC,82,323
846,teaspoon,0.25,tsps,0.25,2022-11-11 05:14:48 UTC,2022-11-11 05:14:48 UTC,82,184
847,teaspoon,0.125,tsps,0.125,2022-11-11 05:14:48 UTC,2022-11-11 05:14:48 UTC,82,267
848,teaspoon,0.25,tsps,0.25,2022-11-11 05:14:48 UTC,2022-11-11 05:14:48 UTC,82,70
849,teaspoons,2.0,tsps,2.0,2022-11-11 05:14:48 UTC,2022-11-11 05:14:48 UTC,82,15
850,teaspoon,0.5,tsps,0.5,2022-11-11 05:14:48 UTC,2022-11-11 05:14:48 UTC,82,106
851,tablespoon,1.0,Tbsp,1.0,2022-11-11 05:14:48 UTC,2022-11-11 05:14:48 UTC,82,37
852,teaspoon,1.0,tsp,1.0,2022-11-11 05:14:48 UTC,2022-11-11 05:14:48 UTC,82,116
853,"",1.0,"",1.0,2022-11-11 05:14:48 UTC,2022-11-11 05:14:48 UTC,82,135
854,cup,0.5,ml,118.294,2022-11-11 05:14:48 UTC,2022-11-11 05:14:48 UTC,82,132
855,cup,0.5,ml,118.294,2022-11-11 05:14:48 UTC,2022-11-11 05:14:48 UTC,82,238
856,serving,1.0,serving,1.0,2022-11-11 05:14:48 UTC,2022-11-11 05:14:48 UTC,82,27
857,serving,1.0,serving,1.0,2022-11-11 05:14:48 UTC,2022-11-11 05:14:48 UTC,82,77
858,oz,13.0,g,368.544,2022-11-11 05:14:48 UTC,2022-11-11 05:14:48 UTC,83,324
859,"",1.0,"",1.0,2022-11-11 05:14:48 UTC,2022-11-11 05:14:48 UTC,83,17
860,cup,1.5,ml,354.882,2022-11-11 05:14:48 UTC,2022-11-11 05:14:48 UTC,83,44
861,Tb,2.0,Tb,2.0,2022-11-11 05:14:48 UTC,2022-11-11 05:14:48 UTC,84,16
862,cup,0.25,ml,59.147,2022-11-11 05:14:48 UTC,2022-11-11 05:14:48 UTC,84,325
863,tsp,1.0,tsp,1.0,2022-11-11 05:14:48 UTC,2022-11-11 05:14:48 UTC,84,204
864,oz,32.0,g,907.185,2022-11-11 05:14:48 UTC,2022-11-11 05:14:48 UTC,84,326
865,cup,0.5,ml,118.294,2022-11-11 05:14:48 UTC,2022-11-11 05:14:48 UTC,84,275
866,cup,0.25,ml,59.147,2022-11-11 05:14:48 UTC,2022-11-11 05:14:48 UTC,84,88
867,cup,0.5,ml,118.294,2022-11-11 05:14:48 UTC,2022-11-11 05:14:48 UTC,84,183
868,servings,6.0,servings,6.0,2022-11-11 05:14:48 UTC,2022-11-11 05:14:48 UTC,84,56
869,cups,2.0,ml,473.176,2022-11-11 05:14:48 UTC,2022-11-11 05:14:48 UTC,84,327
870,large,2.0,large,2.0,2022-11-11 05:14:48 UTC,2022-11-11 05:14:48 UTC,84,328
871,cups,4.0,ml,946.352,2022-11-11 05:14:48 UTC,2022-11-11 05:14:48 UTC,84,166
872,cup,1.0,ml,236.588,2022-11-11 05:14:48 UTC,2022-11-11 05:14:48 UTC,85,87
873,tablespoons,6.0,Tbsps,6.0,2022-11-11 05:14:48 UTC,2022-11-11 05:14:48 UTC,85,86
874,tablespoon,1.0,Tbsp,1.0,2022-11-11 05:14:48 UTC,2022-11-11 05:14:48 UTC,85,132
875,"",1.0,"",1.0,2022-11-11 05:14:48 UTC,2022-11-11 05:14:48 UTC,85,81
876,tablespoons,4.0,Tbsps,4.0,2022-11-11 05:14:48 UTC,2022-11-11 05:14:48 UTC,85,82
877,teaspoon,1.0,tsp,1.0,2022-11-11 05:14:48 UTC,2022-11-11 05:14:48 UTC,85,23
878,teaspoon,0.5,tsps,0.5,2022-11-11 05:14:48 UTC,2022-11-11 05:14:48 UTC,85,8
879,cup,1.0,ml,236.588,2022-11-11 05:14:49 UTC,2022-11-11 05:14:49 UTC,85,329
880,pints,2.0,pts,2.0,2022-11-11 05:14:49 UTC,2022-11-11 05:14:49 UTC,85,303
881,cup,1.0,ml,236.588,2022-11-11 05:14:49 UTC,2022-11-11 05:14:49 UTC,85,330
882,tablespoons,3.0,Tbsps,3.0,2022-11-11 05:14:49 UTC,2022-11-11 05:14:49 UTC,86,121
883,cloves,2.0,cloves,2.0,2022-11-11 05:14:49 UTC,2022-11-11 05:14:49 UTC,86,30
884,pound,1.0,g,453.592,2022-11-11 05:14:49 UTC,2022-11-11 05:14:49 UTC,86,94
885,servings,6.0,servings,6.0,2022-11-11 05:14:49 UTC,2022-11-11 05:14:49 UTC,86,170
886,servings,6.0,servings,6.0,2022-11-11 05:14:49 UTC,2022-11-11 05:14:49 UTC,86,77
887,cup,1.0,ml,236.588,2022-11-11 05:14:49 UTC,2022-11-11 05:14:49 UTC,86,331
888,tablespoons,2.0,Tbsps,2.0,2022-11-11 05:14:49 UTC,2022-11-11 05:14:49 UTC,87,121
889,"",4.0,"",4.0,2022-11-11 05:14:49 UTC,2022-11-11 05:14:49 UTC,87,30
890,small,2.0,small,2.0,2022-11-11 05:14:49 UTC,2022-11-11 05:14:49 UTC,87,289
891,cup,1.0,ml,236.588,2022-11-11 05:14:49 UTC,2022-11-11 05:14:49 UTC,87,332
892,cups,1.25,ml,295.735,2022-11-11 05:14:49 UTC,2022-11-11 05:14:49 UTC,87,333
893,teaspoon,0.5,tsps,0.5,2022-11-11 05:14:49 UTC,2022-11-11 05:14:49 UTC,87,334
894,tablespoons,4.0,Tbsps,4.0,2022-11-11 05:14:50 UTC,2022-11-11 05:14:50 UTC,87,335
895,tablespoons,2.0,Tbsps,2.0,2022-11-11 05:14:50 UTC,2022-11-11 05:14:50 UTC,87,298
896,"",1.0,"",1.0,2022-11-11 05:14:50 UTC,2022-11-11 05:14:50 UTC,87,336
897,cups,2.5,ml,591.47,2022-11-11 05:14:50 UTC,2022-11-11 05:14:50 UTC,87,337
898,ounces,8.0,g,226.796,2022-11-11 05:14:50 UTC,2022-11-11 05:14:50 UTC,87,338
899,cup,1.0,ml,236.588,2022-11-11 05:14:51 UTC,2022-11-11 05:14:51 UTC,87,339
900,serving,1.0,serving,1.0,2022-11-11 05:14:51 UTC,2022-11-11 05:14:51 UTC,87,340
901,oz,28.0,g,793.787,2022-11-11 05:14:51 UTC,2022-11-11 05:14:51 UTC,88,341
902,cup,0.5,ml,118.294,2022-11-11 05:14:51 UTC,2022-11-11 05:14:51 UTC,88,27
903,clove,1.0,clove,1.0,2022-11-11 05:14:51 UTC,2022-11-11 05:14:51 UTC,88,30
904,t,0.25,tsps,0.25,2022-11-11 05:14:51 UTC,2022-11-11 05:14:51 UTC,88,33
905,"",1.0,"",1.0,2022-11-11 05:14:51 UTC,2022-11-11 05:14:51 UTC,88,158
906,"",2.0,"",2.0,2022-11-11 05:14:51 UTC,2022-11-11 05:14:51 UTC,88,34
907,"",0.25,"",0.25,2022-11-11 05:14:51 UTC,2022-11-11 05:14:51 UTC,88,36
908,oz,10.0,g,283.495,2022-11-11 05:14:51 UTC,2022-11-11 05:14:51 UTC,88,342
909,servings,4.0,servings,4.0,2022-11-11 05:14:51 UTC,2022-11-11 05:14:51 UTC,88,77
910,t,0.25,tsps,0.25,2022-11-11 05:14:51 UTC,2022-11-11 05:14:51 UTC,88,223
911,t,0.25,tsps,0.25,2022-11-11 05:14:51 UTC,2022-11-11 05:14:51 UTC,88,82
912,cup,2.0,ml,473.176,2022-11-11 05:14:51 UTC,2022-11-11 05:14:51 UTC,89,113
913,tsp,1.0,tsp,1.0,2022-11-11 05:14:51 UTC,2022-11-11 05:14:51 UTC,89,70
914,cup,0.6666667,ml,157.725,2022-11-11 05:14:51 UTC,2022-11-11 05:14:51 UTC,89,333
915,tsp,0.25,tsps,0.25,2022-11-11 05:14:51 UTC,2022-11-11 05:14:51 UTC,89,179
916,cup,0.75,ml,177.441,2022-11-11 05:14:51 UTC,2022-11-11 05:14:51 UTC,89,343
917,cup,0.5,ml,118.294,2022-11-11 05:14:51 UTC,2022-11-11 05:14:51 UTC,89,344
918,cup,0.5,ml,118.294,2022-11-11 05:14:51 UTC,2022-11-11 05:14:51 UTC,89,79
919,tbsp,2.0,Tbsps,2.0,2022-11-11 05:14:51 UTC,2022-11-11 05:14:51 UTC,90,134
920,"",2.0,"",2.0,2022-11-11 05:14:51 UTC,2022-11-11 05:14:51 UTC,90,34
921,tbsp,2.0,Tbsps,2.0,2022-11-11 05:14:52 UTC,2022-11-11 05:14:52 UTC,90,345
922,tablespoon,1.0,Tbsp,1.0,2022-11-11 05:14:52 UTC,2022-11-11 05:14:52 UTC,90,77
923,cups,4.0,ml,946.352,2022-11-11 05:14:52 UTC,2022-11-11 05:14:52 UTC,90,346
924,grams,150.0,g,150.0,2022-11-11 05:14:52 UTC,2022-11-11 05:14:52 UTC,91,43
925,tablespoon,1.0,Tbsp,1.0,2022-11-11 05:14:52 UTC,2022-11-11 05:14:52 UTC,91,108
926,grams,450.0,g,450.0,2022-11-11 05:14:52 UTC,2022-11-11 05:14:52 UTC,91,193
927,ml,240.0,ml,240.0,2022-11-11 05:14:52 UTC,2022-11-11 05:14:52 UTC,91,347
928,"",2.0,"",2.0,2022-11-11 05:14:52 UTC,2022-11-11 05:14:52 UTC,91,17
929,"",1.0,"",1.0,2022-11-11 05:14:52 UTC,2022-11-11 05:14:52 UTC,91,55
930,pinch,1.0,pinch,1.0,2022-11-11 05:14:52 UTC,2022-11-11 05:14:52 UTC,91,77
931,cup,0.5,ml,118.294,2022-11-11 05:14:52 UTC,2022-11-11 05:14:52 UTC,91,82
932,sticks,1.5,sticks,1.5,2022-11-11 05:14:52 UTC,2022-11-11 05:14:52 UTC,91,86
933,grams,150.0,g,150.0,2022-11-11 05:14:52 UTC,2022-11-11 05:14:52 UTC,91,59
934,"",1.0,"",1.0,2022-11-11 05:14:52 UTC,2022-11-11 05:14:52 UTC,92,346
935,"",2.0,"",2.0,2022-11-11 05:14:52 UTC,2022-11-11 05:14:52 UTC,92,243
936,bunch,1.0,bunch,1.0,2022-11-11 05:14:52 UTC,2022-11-11 05:14:52 UTC,92,348
937,"",2.0,"",2.0,2022-11-11 05:14:52 UTC,2022-11-11 05:14:52 UTC,92,158
938,cups,2.0,ml,473.176,2022-11-11 05:14:52 UTC,2022-11-11 05:14:52 UTC,92,349
939,ounces,12.0,g,340.194,2022-11-11 05:14:52 UTC,2022-11-11 05:14:52 UTC,92,297
940,serving,1.0,serving,1.0,2022-11-11 05:14:52 UTC,2022-11-11 05:14:52 UTC,92,350
941,serving,1.0,serving,1.0,2022-11-11 05:14:52 UTC,2022-11-11 05:14:52 UTC,92,351
942,serving,1.0,serving,1.0,2022-11-11 05:14:52 UTC,2022-11-11 05:14:52 UTC,92,346
943,large,1.0,large,1.0,2022-11-11 05:14:53 UTC,2022-11-11 05:14:53 UTC,92,352
944,tablespoon,1.0,Tbsp,1.0,2022-11-11 05:14:53 UTC,2022-11-11 05:14:53 UTC,92,346
945,glasses,1.0,glasses,1.0,2022-11-11 05:14:53 UTC,2022-11-11 05:14:53 UTC,92,351
946,ounces,3.0,g,85.049,2022-11-11 05:14:53 UTC,2022-11-11 05:14:53 UTC,93,193
947,cloves,2.0,cloves,2.0,2022-11-11 05:14:53 UTC,2022-11-11 05:14:53 UTC,93,30
948,stalks,2.0,stalks,2.0,2022-11-11 05:14:53 UTC,2022-11-11 05:14:53 UTC,93,178
949,servings,24.0,servings,24.0,2022-11-11 05:14:53 UTC,2022-11-11 05:14:53 UTC,93,50
950,tablespoons,2.0,Tbsps,2.0,2022-11-11 05:14:53 UTC,2022-11-11 05:14:53 UTC,93,49
951,teaspoon,0.25,tsps,0.25,2022-11-11 05:14:53 UTC,2022-11-11 05:14:53 UTC,93,77
952,"",12.0,"",12.0,2022-11-11 05:14:53 UTC,2022-11-11 05:14:53 UTC,93,353
953,cup,0.5,ml,118.294,2022-11-11 05:14:53 UTC,2022-11-11 05:14:53 UTC,93,79
954,cups,1.5,ml,354.882,2022-11-11 05:14:53 UTC,2022-11-11 05:14:53 UTC,94,87
955,packet,1.0,pkt,1.0,2022-11-11 05:14:53 UTC,2022-11-11 05:14:53 UTC,94,126
956,cup,0.5,ml,118.294,2022-11-11 05:14:53 UTC,2022-11-11 05:14:53 UTC,94,162
957,cups,2.0,ml,473.176,2022-11-11 05:14:53 UTC,2022-11-11 05:14:53 UTC,94,310
958,g,250.0,g,250.0,2022-11-11 05:14:53 UTC,2022-11-11 05:14:53 UTC,94,354
959,"",2.0,"",2.0,2022-11-11 05:14:53 UTC,2022-11-11 05:14:53 UTC,94,17
960,cup,1.0,ml,236.588,2022-11-11 05:14:53 UTC,2022-11-11 05:14:53 UTC,94,238
961,cup,0.5,ml,118.294,2022-11-11 05:14:53 UTC,2022-11-11 05:14:53 UTC,94,49
962,tsp,1.0,tsp,1.0,2022-11-11 05:14:53 UTC,2022-11-11 05:14:53 UTC,94,77
963,cups,2.0,ml,473.176,2022-11-11 05:14:53 UTC,2022-11-11 05:14:53 UTC,94,132
964,package,0.5,pkg,0.5,2022-11-11 05:14:53 UTC,2022-11-11 05:14:53 UTC,95,3
965,pound,1.0,g,453.592,2022-11-11 05:14:53 UTC,2022-11-11 05:14:53 UTC,95,355
966,"",1.0,"",1.0,2022-11-11 05:14:53 UTC,2022-11-11 05:14:53 UTC,95,30
967,cup,0.25,ml,59.147,2022-11-11 05:14:53 UTC,2022-11-11 05:14:53 UTC,95,49
968,tablespoon,1.0,Tbsp,1.0,2022-11-11 05:14:53 UTC,2022-11-11 05:14:53 UTC,95,98
969,pound,1.0,g,453.592,2022-11-11 05:14:53 UTC,2022-11-11 05:14:53 UTC,95,153
970,servings,4.0,servings,4.0,2022-11-11 05:14:53 UTC,2022-11-11 05:14:53 UTC,95,56
971,"",4.0,"",4.0,2022-11-11 05:14:53 UTC,2022-11-11 05:14:53 UTC,95,135
972,teaspoons,2.0,tsps,2.0,2022-11-11 05:14:53 UTC,2022-11-11 05:14:53 UTC,95,86
973,cup,0.5,ml,118.294,2022-11-11 05:14:53 UTC,2022-11-11 05:14:53 UTC,95,117
974,grams,100.0,g,100.0,2022-11-11 05:14:53 UTC,2022-11-11 05:14:53 UTC,96,107
975,"",4.0,"",4.0,2022-11-11 05:14:53 UTC,2022-11-11 05:14:53 UTC,96,356
976,"",2.0,"",2.0,2022-11-11 05:14:53 UTC,2022-11-11 05:14:53 UTC,96,30
977,"",0.5,"",0.5,2022-11-11 05:14:53 UTC,2022-11-11 05:14:53 UTC,96,275
978,grams,450.0,g,450.0,2022-11-11 05:14:53 UTC,2022-11-11 05:14:53 UTC,96,357
979,teaspoon,1.0,tsp,1.0,2022-11-11 05:14:53 UTC,2022-11-11 05:14:53 UTC,96,155
980,tablespoon,1.0,Tbsp,1.0,2022-11-11 05:14:53 UTC,2022-11-11 05:14:53 UTC,96,49
981,servings,4.0,servings,4.0,2022-11-11 05:14:53 UTC,2022-11-11 05:14:53 UTC,96,56
982,"",2.0,"",2.0,2022-11-11 05:14:54 UTC,2022-11-11 05:14:54 UTC,96,93
983,grams,180.0,g,180.0,2022-11-11 05:14:54 UTC,2022-11-11 05:14:54 UTC,96,358
984,tablespoon,0.6666667,Tbsps,0.667,2022-11-11 05:14:54 UTC,2022-11-11 05:14:54 UTC,96,253
985,Tbsp,1.0,Tbsp,1.0,2022-11-11 05:14:54 UTC,2022-11-11 05:14:54 UTC,97,359
986,"",0.5,"",0.5,2022-11-11 05:14:54 UTC,2022-11-11 05:14:54 UTC,97,360
987,cup,0.25,ml,59.147,2022-11-11 05:14:54 UTC,2022-11-11 05:14:54 UTC,97,13
988,Tbsp,1.0,Tbsp,1.0,2022-11-11 05:14:54 UTC,2022-11-11 05:14:54 UTC,97,74
989,"",1.0,"",1.0,2022-11-11 05:14:54 UTC,2022-11-11 05:14:54 UTC,97,361
990,servings,4.0,servings,4.0,2022-11-11 05:14:54 UTC,2022-11-11 05:14:54 UTC,97,98
991,servings,4.0,servings,4.0,2022-11-11 05:14:54 UTC,2022-11-11 05:14:54 UTC,97,170
992,"",4.0,"",4.0,2022-11-11 05:14:54 UTC,2022-11-11 05:14:54 UTC,97,362
993,"",1.0,"",1.0,2022-11-11 05:14:54 UTC,2022-11-11 05:14:54 UTC,97,127
994,servings,4.0,servings,4.0,2022-11-11 05:14:54 UTC,2022-11-11 05:14:54 UTC,97,77
995,"",3.0,"",3.0,2022-11-11 05:14:54 UTC,2022-11-11 05:14:54 UTC,98,17
996,tablespoons,15.0,Tbsps,15.0,2022-11-11 05:14:54 UTC,2022-11-11 05:14:54 UTC,98,87
997,cup,1.0,ml,236.588,2022-11-11 05:14:54 UTC,2022-11-11 05:14:54 UTC,98,20
998,cup,0.5,ml,118.294,2022-11-11 05:14:54 UTC,2022-11-11 05:14:54 UTC,98,363
999,teaspoon,1.0,tsp,1.0,2022-11-11 05:14:54 UTC,2022-11-11 05:14:54 UTC,98,77
1000,package,1.0,pkg,1.0,2022-11-11 05:14:55 UTC,2022-11-11 05:14:55 UTC,99,364
1001,Slices,4.0,slice,4.0,2022-11-11 05:14:55 UTC,2022-11-11 05:14:55 UTC,99,365
1002,"",2.0,"",2.0,2022-11-11 05:14:55 UTC,2022-11-11 05:14:55 UTC,99,366
1003,teaspoon,0.5,tsps,0.5,2022-11-11 05:14:55 UTC,2022-11-11 05:14:55 UTC,99,60
1004,"",4.0,"",4.0,2022-11-11 05:14:55 UTC,2022-11-11 05:14:55 UTC,99,17
1005,cup,1.0,ml,236.588,2022-11-11 05:14:55 UTC,2022-11-11 05:14:55 UTC,100,285
1006,"",1.0,"",1.0,2022-11-11 05:14:55 UTC,2022-11-11 05:14:55 UTC,100,170
1007,handful,1.0,handful,1.0,2022-11-11 05:14:55 UTC,2022-11-11 05:14:55 UTC,100,170
1008,cups,2.0,ml,473.176,2022-11-11 05:14:55 UTC,2022-11-11 05:14:55 UTC,100,367
1009,cube,1.0,cube,1.0,2022-11-11 05:14:55 UTC,2022-11-11 05:14:55 UTC,100,351
1010,tablespoon,1.0,Tbsp,1.0,2022-11-11 05:14:55 UTC,2022-11-11 05:14:55 UTC,100,74
1011,teaspoon,1.0,tsp,1.0,2022-11-11 05:14:55 UTC,2022-11-11 05:14:55 UTC,100,74
1012,handful,1.0,handful,1.0,2022-11-11 05:14:55 UTC,2022-11-11 05:14:55 UTC,100,36
1013,teaspoon,1.0,tsp,1.0,2022-11-11 05:14:55 UTC,2022-11-11 05:14:55 UTC,100,77
1014,teaspoon,0.5,tsps,0.5,2022-11-11 05:14:55 UTC,2022-11-11 05:14:55 UTC,100,82
1015,"",1.0,"",1.0,2022-11-11 05:14:55 UTC,2022-11-11 05:14:55 UTC,100,135
1016,cup,0.75,ml,177.441,2022-11-11 05:14:55 UTC,2022-11-11 05:14:55 UTC,100,132
1017,teaspoons,1.5,tsps,1.5,2022-11-11 05:14:55 UTC,2022-11-11 05:14:55 UTC,100,247
